distortion,param,strong,noise,evidenceCUMUL,hypNode,Probability,K2Probability,Scenario
K2,0,weak,0,no_evidence0,sneak,H1,H1
K2,0,weak,0,no_evidence0,stealing,H0,H0
K2,0,weak,0,no_evidence0,motive,H1,H1
K2,0,strong,0,no_evidence0,sneak,0.59,0.59
K2,0,strong,0,no_evidence0,stealing,0.5,0.5
K2,0,strong,0,no_evidence0,motive,0.59,0.59
arbitraryRounded,0.05,weak,0,no_evidence0,sneak,H1,0.59
arbitraryRounded,0.05,weak,0,no_evidence0,stealing,H1,0.5
arbitraryRounded,0.05,weak,0,no_evidence0,motive,H1,0.59
arbitraryRounded,0.05,strong,0,no_evidence0,sneak,0.59,0.59
arbitraryRounded,0.05,strong,0,no_evidence0,stealing,0.5,0.5
arbitraryRounded,0.05,strong,0,no_evidence0,motive,0.6,0.59
arbitraryRounded,0.1,weak,0,no_evidence0,sneak,H1,0.59
arbitraryRounded,0.1,weak,0,no_evidence0,stealing,H1,0.5
arbitraryRounded,0.1,weak,0,no_evidence0,motive,H1,0.59
arbitraryRounded,0.1,strong,0,no_evidence0,sneak,0.64,0.59
arbitraryRounded,0.1,strong,0,no_evidence0,stealing,0.52,0.5
arbitraryRounded,0.1,strong,0,no_evidence0,motive,0.6,0.59
arbitraryRounded,0.125,weak,0,no_evidence0,sneak,H1,0.59
arbitraryRounded,0.125,weak,0,no_evidence0,stealing,H0,0.5
arbitraryRounded,0.125,weak,0,no_evidence0,motive,H1,0.59
arbitraryRounded,0.125,strong,0,no_evidence0,sneak,0.62,0.59
arbitraryRounded,0.125,strong,0,no_evidence0,stealing,0.47,0.5
arbitraryRounded,0.125,strong,0,no_evidence0,motive,0.62,0.59
arbitraryRounded,0.2,weak,0,no_evidence0,sneak,H1,0.59
arbitraryRounded,0.2,weak,0,no_evidence0,stealing,H0,0.5
arbitraryRounded,0.2,weak,0,no_evidence0,motive,H1,0.59
arbitraryRounded,0.2,strong,0,no_evidence0,sneak,0.6,0.59
arbitraryRounded,0.2,strong,0,no_evidence0,stealing,0.48,0.5
arbitraryRounded,0.2,strong,0,no_evidence0,motive,0.6,0.59
arbitraryRounded,0.25,weak,0,no_evidence0,sneak,0,0.59
arbitraryRounded,0.25,weak,0,no_evidence0,stealing,H0,0.5
arbitraryRounded,0.25,weak,0,no_evidence0,motive,0,0.59
arbitraryRounded,0.25,strong,0,no_evidence0,sneak,0.5,0.59
arbitraryRounded,0.25,strong,0,no_evidence0,stealing,0.38,0.5
arbitraryRounded,0.25,strong,0,no_evidence0,motive,0.5,0.59
arbitraryRounded,0.33,weak,0,no_evidence0,sneak,H1,0.59
arbitraryRounded,0.33,weak,0,no_evidence0,stealing,H0,0.5
arbitraryRounded,0.33,weak,0,no_evidence0,motive,H1,0.59
arbitraryRounded,0.33,strong,0,no_evidence0,sneak,0.67,0.59
arbitraryRounded,0.33,strong,0,no_evidence0,stealing,0.44,0.5
arbitraryRounded,0.33,strong,0,no_evidence0,motive,0.67,0.59
arbitraryRounded,0.5,weak,0,no_evidence0,sneak,0,0.59
arbitraryRounded,0.5,weak,0,no_evidence0,stealing,0,0.5
arbitraryRounded,0.5,weak,0,no_evidence0,motive,0,0.59
arbitraryRounded,0.5,strong,0,no_evidence0,sneak,0.5,0.59
arbitraryRounded,0.5,strong,0,no_evidence0,stealing,0.5,0.5
arbitraryRounded,0.5,strong,0,no_evidence0,motive,0.5,0.59
distortion,param,strong,noise,evidenceCUMUL,hypNode,Probability,K2Probability,Scenario
K2,0,weak,0,no_evidence0,sneak,H1,H1
K2,0,weak,0,no_evidence0,stealing,H1,H1
K2,0,weak,0,no_evidence0,motive,H1,H1
K2,0,strong,0,no_evidence0,sneak,0.59,0.59
K2,0,strong,0,no_evidence0,stealing,0.57,0.57
K2,0,strong,0,no_evidence0,motive,0.59,0.59
arbitraryRounded,0.05,weak,0,no_evidence0,sneak,H1,0.59
arbitraryRounded,0.05,weak,0,no_evidence0,stealing,H1,0.57
arbitraryRounded,0.05,weak,0,no_evidence0,motive,H1,0.59
arbitraryRounded,0.05,strong,0,no_evidence0,sneak,0.59,0.59
arbitraryRounded,0.05,strong,0,no_evidence0,stealing,0.59,0.57
arbitraryRounded,0.05,strong,0,no_evidence0,motive,0.6,0.59
arbitraryRounded,0.1,weak,0,no_evidence0,sneak,H1,0.59
arbitraryRounded,0.1,weak,0,no_evidence0,stealing,H1,0.57
arbitraryRounded,0.1,weak,0,no_evidence0,motive,H1,0.59
arbitraryRounded,0.1,strong,0,no_evidence0,sneak,0.64,0.59
arbitraryRounded,0.1,strong,0,no_evidence0,stealing,0.6,0.57
arbitraryRounded,0.1,strong,0,no_evidence0,motive,0.6,0.59
arbitraryRounded,0.125,weak,0,no_evidence0,sneak,H1,0.59
arbitraryRounded,0.125,weak,0,no_evidence0,stealing,H1,0.57
arbitraryRounded,0.125,weak,0,no_evidence0,motive,H1,0.59
arbitraryRounded,0.125,strong,0,no_evidence0,sneak,0.62,0.59
arbitraryRounded,0.125,strong,0,no_evidence0,stealing,0.62,0.57
arbitraryRounded,0.125,strong,0,no_evidence0,motive,0.62,0.59
arbitraryRounded,0.2,weak,0,no_evidence0,sneak,H1,0.59
arbitraryRounded,0.2,weak,0,no_evidence0,stealing,H1,0.57
arbitraryRounded,0.2,weak,0,no_evidence0,motive,H1,0.59
arbitraryRounded,0.2,strong,0,no_evidence0,sneak,0.6,0.59
arbitraryRounded,0.2,strong,0,no_evidence0,stealing,0.6,0.57
arbitraryRounded,0.2,strong,0,no_evidence0,motive,0.6,0.59
arbitraryRounded,0.25,weak,0,no_evidence0,sneak,0,0.59
arbitraryRounded,0.25,weak,0,no_evidence0,stealing,0,0.57
arbitraryRounded,0.25,weak,0,no_evidence0,motive,0,0.59
arbitraryRounded,0.25,strong,0,no_evidence0,sneak,0.5,0.59
arbitraryRounded,0.25,strong,0,no_evidence0,stealing,0.5,0.57
arbitraryRounded,0.25,strong,0,no_evidence0,motive,0.5,0.59
arbitraryRounded,0.33,weak,0,no_evidence0,sneak,H1,0.59
arbitraryRounded,0.33,weak,0,no_evidence0,stealing,H1,0.57
arbitraryRounded,0.33,weak,0,no_evidence0,motive,H1,0.59
arbitraryRounded,0.33,strong,0,no_evidence0,sneak,0.67,0.59
arbitraryRounded,0.33,strong,0,no_evidence0,stealing,0.67,0.57
arbitraryRounded,0.33,strong,0,no_evidence0,motive,0.67,0.59
arbitraryRounded,0.5,weak,0,no_evidence0,sneak,0,0.59
arbitraryRounded,0.5,weak,0,no_evidence0,stealing,0,0.57
arbitraryRounded,0.5,weak,0,no_evidence0,motive,0,0.59
arbitraryRounded,0.5,strong,0,no_evidence0,sneak,0.5,0.59
arbitraryRounded,0.5,strong,0,no_evidence0,stealing,0.5,0.57
arbitraryRounded,0.5,strong,0,no_evidence0,motive,0.5,0.59
distortion,param,strong,noise,evidenceCUMUL,hypNode,Probability,K2Probability,Scenario
K2,0,weak,0,no_evidence0,sneak_1_0,H1,H1
K2,0,weak,0,no_evidence0,stealing_1_0,H1,H1
K2,0,weak,0,no_evidence0,motive_2_0,H1,H1
K2,0,weak,0,no_evidence0,sneak_2_0,H1,H1
K2,0,weak,0,no_evidence0,motive_1_0,H1,H1
K2,0,weak,0,no_evidence0,stealing_2_0,H1,H1
K2,0,strong,0,no_evidence0,sneak_1_0,0.83,0.83
K2,0,strong,0,no_evidence0,stealing_1_0,0.8,0.8
K2,0,strong,0,no_evidence0,motive_2_0,0.85,0.85
K2,0,strong,0,no_evidence0,sneak_2_0,0.85,0.85
K2,0,strong,0,no_evidence0,motive_1_0,0.83,0.83
K2,0,strong,0,no_evidence0,stealing_2_0,0.81,0.81
arbitraryRounded,0.05,weak,0,no_evidence0,sneak_1_0,H1,0.83
arbitraryRounded,0.05,weak,0,no_evidence0,stealing_1_0,H1,0.8
arbitraryRounded,0.05,weak,0,no_evidence0,motive_2_0,H1,0.85
arbitraryRounded,0.05,weak,0,no_evidence0,sneak_2_0,H1,0.85
arbitraryRounded,0.05,weak,0,no_evidence0,motive_1_0,H1,0.83
arbitraryRounded,0.05,weak,0,no_evidence0,stealing_2_0,H1,0.81
arbitraryRounded,0.05,strong,0,no_evidence0,sneak_1_0,0.85,0.83
arbitraryRounded,0.05,strong,0,no_evidence0,stealing_1_0,0.8,0.8
arbitraryRounded,0.05,strong,0,no_evidence0,motive_2_0,0.83,0.85
arbitraryRounded,0.05,strong,0,no_evidence0,sneak_2_0,0.83,0.85
arbitraryRounded,0.05,strong,0,no_evidence0,motive_1_0,0.85,0.83
arbitraryRounded,0.05,strong,0,no_evidence0,stealing_2_0,0.79,0.81
arbitraryRounded,0.1,weak,0,no_evidence0,sneak_1_0,H1,0.83
arbitraryRounded,0.1,weak,0,no_evidence0,stealing_1_0,H1,0.8
arbitraryRounded,0.1,weak,0,no_evidence0,motive_2_0,H1,0.85
arbitraryRounded,0.1,weak,0,no_evidence0,sneak_2_0,H1,0.85
arbitraryRounded,0.1,weak,0,no_evidence0,motive_1_0,H1,0.83
arbitraryRounded,0.1,weak,0,no_evidence0,stealing_2_0,H1,0.81
arbitraryRounded,0.1,strong,0,no_evidence0,sneak_1_0,0.8,0.83
arbitraryRounded,0.1,strong,0,no_evidence0,stealing_1_0,0.8,0.8
arbitraryRounded,0.1,strong,0,no_evidence0,motive_2_0,0.86,0.85
arbitraryRounded,0.1,strong,0,no_evidence0,sneak_2_0,0.86,0.85
arbitraryRounded,0.1,strong,0,no_evidence0,motive_1_0,0.8,0.83
arbitraryRounded,0.1,strong,0,no_evidence0,stealing_2_0,0.86,0.81
arbitraryRounded,0.125,weak,0,no_evidence0,sneak_1_0,H1,0.83
arbitraryRounded,0.125,weak,0,no_evidence0,stealing_1_0,H1,0.8
arbitraryRounded,0.125,weak,0,no_evidence0,motive_2_0,H1,0.85
arbitraryRounded,0.125,weak,0,no_evidence0,sneak_2_0,H1,0.85
arbitraryRounded,0.125,weak,0,no_evidence0,motive_1_0,H1,0.83
arbitraryRounded,0.125,weak,0,no_evidence0,stealing_2_0,H1,0.81
arbitraryRounded,0.125,strong,0,no_evidence0,sneak_1_0,0.88,0.83
arbitraryRounded,0.125,strong,0,no_evidence0,stealing_1_0,0.88,0.8
arbitraryRounded,0.125,strong,0,no_evidence0,motive_2_0,0.86,0.85
arbitraryRounded,0.125,strong,0,no_evidence0,sneak_2_0,0.86,0.85
arbitraryRounded,0.125,strong,0,no_evidence0,motive_1_0,0.88,0.83
arbitraryRounded,0.125,strong,0,no_evidence0,stealing_2_0,0.86,0.81
arbitraryRounded,0.2,weak,0,no_evidence0,sneak_1_0,H1,0.83
arbitraryRounded,0.2,weak,0,no_evidence0,stealing_1_0,H1,0.8
arbitraryRounded,0.2,weak,0,no_evidence0,motive_2_0,H1,0.85
arbitraryRounded,0.2,weak,0,no_evidence0,sneak_2_0,H1,0.85
arbitraryRounded,0.2,weak,0,no_evidence0,motive_1_0,H1,0.83
arbitraryRounded,0.2,weak,0,no_evidence0,stealing_2_0,H1,0.81
arbitraryRounded,0.2,strong,0,no_evidence0,sneak_1_0,0.8,0.83
arbitraryRounded,0.2,strong,0,no_evidence0,stealing_1_0,0.8,0.8
arbitraryRounded,0.2,strong,0,no_evidence0,motive_2_0,0.8,0.85
arbitraryRounded,0.2,strong,0,no_evidence0,sneak_2_0,0.8,0.85
arbitraryRounded,0.2,strong,0,no_evidence0,motive_1_0,0.8,0.83
arbitraryRounded,0.2,strong,0,no_evidence0,stealing_2_0,0.8,0.81
arbitraryRounded,0.25,weak,0,no_evidence0,sneak_1_0,H1,0.83
arbitraryRounded,0.25,weak,0,no_evidence0,stealing_1_0,H1,0.8
arbitraryRounded,0.25,weak,0,no_evidence0,motive_2_0,H1,0.85
arbitraryRounded,0.25,weak,0,no_evidence0,sneak_2_0,H1,0.85
arbitraryRounded,0.25,weak,0,no_evidence0,motive_1_0,H1,0.83
arbitraryRounded,0.25,weak,0,no_evidence0,stealing_2_0,H1,0.81
arbitraryRounded,0.25,strong,0,no_evidence0,sneak_1_0,0.75,0.83
arbitraryRounded,0.25,strong,0,no_evidence0,stealing_1_0,0.75,0.8
arbitraryRounded,0.25,strong,0,no_evidence0,motive_2_0,0.75,0.85
arbitraryRounded,0.25,strong,0,no_evidence0,sneak_2_0,0.75,0.85
arbitraryRounded,0.25,strong,0,no_evidence0,motive_1_0,0.75,0.83
arbitraryRounded,0.25,strong,0,no_evidence0,stealing_2_0,0.75,0.81
arbitraryRounded,0.33,weak,0,no_evidence0,sneak_1_0,H1,0.83
arbitraryRounded,0.33,weak,0,no_evidence0,stealing_1_0,H1,0.8
arbitraryRounded,0.33,weak,0,no_evidence0,motive_2_0,H1,0.85
arbitraryRounded,0.33,weak,0,no_evidence0,sneak_2_0,H1,0.85
arbitraryRounded,0.33,weak,0,no_evidence0,motive_1_0,H1,0.83
arbitraryRounded,0.33,weak,0,no_evidence0,stealing_2_0,H1,0.81
arbitraryRounded,0.33,strong,0,no_evidence0,sneak_1_0,0.75,0.83
arbitraryRounded,0.33,strong,0,no_evidence0,stealing_1_0,0.75,0.8
arbitraryRounded,0.33,strong,0,no_evidence0,motive_2_0,0.92,0.85
arbitraryRounded,0.33,strong,0,no_evidence0,sneak_2_0,0.92,0.85
arbitraryRounded,0.33,strong,0,no_evidence0,motive_1_0,0.75,0.83
arbitraryRounded,0.33,strong,0,no_evidence0,stealing_2_0,0.92,0.81
arbitraryRounded,0.5,weak,0,no_evidence0,sneak_1_0,H1,0.83
arbitraryRounded,0.5,weak,0,no_evidence0,stealing_1_0,H1,0.8
arbitraryRounded,0.5,weak,0,no_evidence0,motive_2_0,H1,0.85
arbitraryRounded,0.5,weak,0,no_evidence0,sneak_2_0,H1,0.85
arbitraryRounded,0.5,weak,0,no_evidence0,motive_1_0,H1,0.83
arbitraryRounded,0.5,weak,0,no_evidence0,stealing_2_0,H1,0.81
arbitraryRounded,0.5,strong,0,no_evidence0,sneak_1_0,1.0,0.83
arbitraryRounded,0.5,strong,0,no_evidence0,stealing_1_0,1.0,0.8
arbitraryRounded,0.5,strong,0,no_evidence0,motive_2_0,1.0,0.85
arbitraryRounded,0.5,strong,0,no_evidence0,sneak_2_0,1.0,0.85
arbitraryRounded,0.5,strong,0,no_evidence0,motive_1_0,1.0,0.83
arbitraryRounded,0.5,strong,0,no_evidence0,stealing_2_0,1.0,0.81
distortion,param,strong,noise,evidenceCUMUL,hypNode,Probability,K2Probability,Scenario
K2,0,weak,0,no_evidence0,stealing_1_0,H1,H1
K2,0,weak,0,no_evidence0,motive_2_0,H0,H0
K2,0,weak,0,no_evidence0,motive_1_0,H1,H1
K2,0,weak,0,no_evidence0,motive_3_0,H0,H0
K2,0,weak,0,no_evidence0,sneak_3_0,H0,H0
K2,0,weak,0,no_evidence0,sneak_1_0,H1,H1
K2,0,weak,0,no_evidence0,stealing_2_0,H0,H0
K2,0,weak,0,no_evidence0,sneak_2_0,H0,H0
K2,0,weak,0,no_evidence0,stealing_3_0,H0,H0
K2,0,strong,0,no_evidence0,stealing_1_0,0.79,0.79
K2,0,strong,0,no_evidence0,motive_2_0,0.37,0.37
K2,0,strong,0,no_evidence0,motive_1_0,0.83,0.83
K2,0,strong,0,no_evidence0,motive_3_0,0.37,0.37
K2,0,strong,0,no_evidence0,sneak_3_0,0.37,0.37
K2,0,strong,0,no_evidence0,sneak_1_0,0.83,0.83
K2,0,strong,0,no_evidence0,stealing_2_0,0.36,0.36
K2,0,strong,0,no_evidence0,sneak_2_0,0.37,0.37
K2,0,strong,0,no_evidence0,stealing_3_0,0.37,0.37
arbitraryRounded,0.05,weak,0,no_evidence0,stealing_1_0,H1,0.79
arbitraryRounded,0.05,weak,0,no_evidence0,motive_2_0,H0,0.37
arbitraryRounded,0.05,weak,0,no_evidence0,motive_1_0,H1,0.83
arbitraryRounded,0.05,weak,0,no_evidence0,motive_3_0,H0,0.37
arbitraryRounded,0.05,weak,0,no_evidence0,sneak_3_0,H0,0.37
arbitraryRounded,0.05,weak,0,no_evidence0,sneak_1_0,H1,0.83
arbitraryRounded,0.05,weak,0,no_evidence0,stealing_2_0,H0,0.36
arbitraryRounded,0.05,weak,0,no_evidence0,sneak_2_0,H0,0.37
arbitraryRounded,0.05,weak,0,no_evidence0,stealing_3_0,H0,0.37
arbitraryRounded,0.05,strong,0,no_evidence0,stealing_1_0,0.81,0.79
arbitraryRounded,0.05,strong,0,no_evidence0,motive_2_0,0.35,0.37
arbitraryRounded,0.05,strong,0,no_evidence0,motive_1_0,0.85,0.83
arbitraryRounded,0.05,strong,0,no_evidence0,motive_3_0,0.35,0.37
arbitraryRounded,0.05,strong,0,no_evidence0,sneak_3_0,0.35,0.37
arbitraryRounded,0.05,strong,0,no_evidence0,sneak_1_0,0.85,0.83
arbitraryRounded,0.05,strong,0,no_evidence0,stealing_2_0,0.33,0.36
arbitraryRounded,0.05,strong,0,no_evidence0,sneak_2_0,0.35,0.37
arbitraryRounded,0.05,strong,0,no_evidence0,stealing_3_0,0.35,0.37
arbitraryRounded,0.1,weak,0,no_evidence0,stealing_1_0,H1,0.79
arbitraryRounded,0.1,weak,0,no_evidence0,motive_2_0,H0,0.37
arbitraryRounded,0.1,weak,0,no_evidence0,motive_1_0,H1,0.83
arbitraryRounded,0.1,weak,0,no_evidence0,motive_3_0,H0,0.37
arbitraryRounded,0.1,weak,0,no_evidence0,sneak_3_0,H0,0.37
arbitraryRounded,0.1,weak,0,no_evidence0,sneak_1_0,H1,0.83
arbitraryRounded,0.1,weak,0,no_evidence0,stealing_2_0,H0,0.36
arbitraryRounded,0.1,weak,0,no_evidence0,sneak_2_0,H0,0.37
arbitraryRounded,0.1,weak,0,no_evidence0,stealing_3_0,H0,0.37
arbitraryRounded,0.1,strong,0,no_evidence0,stealing_1_0,0.8,0.79
arbitraryRounded,0.1,strong,0,no_evidence0,motive_2_0,0.4,0.37
arbitraryRounded,0.1,strong,0,no_evidence0,motive_1_0,0.8,0.83
arbitraryRounded,0.1,strong,0,no_evidence0,motive_3_0,0.4,0.37
arbitraryRounded,0.1,strong,0,no_evidence0,sneak_3_0,0.4,0.37
arbitraryRounded,0.1,strong,0,no_evidence0,sneak_1_0,0.8,0.83
arbitraryRounded,0.1,strong,0,no_evidence0,stealing_2_0,0.4,0.36
arbitraryRounded,0.1,strong,0,no_evidence0,sneak_2_0,0.4,0.37
arbitraryRounded,0.1,strong,0,no_evidence0,stealing_3_0,0.4,0.37
arbitraryRounded,0.125,weak,0,no_evidence0,stealing_1_0,H1,0.79
arbitraryRounded,0.125,weak,0,no_evidence0,motive_2_0,H0,0.37
arbitraryRounded,0.125,weak,0,no_evidence0,motive_1_0,H1,0.83
arbitraryRounded,0.125,weak,0,no_evidence0,motive_3_0,H0,0.37
arbitraryRounded,0.125,weak,0,no_evidence0,sneak_3_0,H0,0.37
arbitraryRounded,0.125,weak,0,no_evidence0,sneak_1_0,H1,0.83
arbitraryRounded,0.125,weak,0,no_evidence0,stealing_2_0,H0,0.36
arbitraryRounded,0.125,weak,0,no_evidence0,sneak_2_0,H0,0.37
arbitraryRounded,0.125,weak,0,no_evidence0,stealing_3_0,H0,0.37
arbitraryRounded,0.125,strong,0,no_evidence0,stealing_1_0,0.88,0.79
arbitraryRounded,0.125,strong,0,no_evidence0,motive_2_0,0.38,0.37
arbitraryRounded,0.125,strong,0,no_evidence0,motive_1_0,0.88,0.83
arbitraryRounded,0.125,strong,0,no_evidence0,motive_3_0,0.38,0.37
arbitraryRounded,0.125,strong,0,no_evidence0,sneak_3_0,0.38,0.37
arbitraryRounded,0.125,strong,0,no_evidence0,sneak_1_0,0.88,0.83
arbitraryRounded,0.125,strong,0,no_evidence0,stealing_2_0,0.38,0.36
arbitraryRounded,0.125,strong,0,no_evidence0,sneak_2_0,0.38,0.37
arbitraryRounded,0.125,strong,0,no_evidence0,stealing_3_0,0.38,0.37
arbitraryRounded,0.2,weak,0,no_evidence0,stealing_1_0,H1,0.79
arbitraryRounded,0.2,weak,0,no_evidence0,motive_2_0,H0,0.37
arbitraryRounded,0.2,weak,0,no_evidence0,motive_1_0,H1,0.83
arbitraryRounded,0.2,weak,0,no_evidence0,motive_3_0,H0,0.37
arbitraryRounded,0.2,weak,0,no_evidence0,sneak_3_0,H0,0.37
arbitraryRounded,0.2,weak,0,no_evidence0,sneak_1_0,H1,0.83
arbitraryRounded,0.2,weak,0,no_evidence0,stealing_2_0,H0,0.36
arbitraryRounded,0.2,weak,0,no_evidence0,sneak_2_0,H0,0.37
arbitraryRounded,0.2,weak,0,no_evidence0,stealing_3_0,H0,0.37
arbitraryRounded,0.2,strong,0,no_evidence0,stealing_1_0,0.8,0.79
arbitraryRounded,0.2,strong,0,no_evidence0,motive_2_0,0.4,0.37
arbitraryRounded,0.2,strong,0,no_evidence0,motive_1_0,0.8,0.83
arbitraryRounded,0.2,strong,0,no_evidence0,motive_3_0,0.4,0.37
arbitraryRounded,0.2,strong,0,no_evidence0,sneak_3_0,0.4,0.37
arbitraryRounded,0.2,strong,0,no_evidence0,sneak_1_0,0.8,0.83
arbitraryRounded,0.2,strong,0,no_evidence0,stealing_2_0,0.4,0.36
arbitraryRounded,0.2,strong,0,no_evidence0,sneak_2_0,0.4,0.37
arbitraryRounded,0.2,strong,0,no_evidence0,stealing_3_0,0.4,0.37
arbitraryRounded,0.25,weak,0,no_evidence0,stealing_1_0,H1,0.79
arbitraryRounded,0.25,weak,0,no_evidence0,motive_2_0,H0,0.37
arbitraryRounded,0.25,weak,0,no_evidence0,motive_1_0,H1,0.83
arbitraryRounded,0.25,weak,0,no_evidence0,motive_3_0,H0,0.37
arbitraryRounded,0.25,weak,0,no_evidence0,sneak_3_0,H0,0.37
arbitraryRounded,0.25,weak,0,no_evidence0,sneak_1_0,H1,0.83
arbitraryRounded,0.25,weak,0,no_evidence0,stealing_2_0,H0,0.36
arbitraryRounded,0.25,weak,0,no_evidence0,sneak_2_0,H0,0.37
arbitraryRounded,0.25,weak,0,no_evidence0,stealing_3_0,H0,0.37
arbitraryRounded,0.25,strong,0,no_evidence0,stealing_1_0,0.75,0.79
arbitraryRounded,0.25,strong,0,no_evidence0,motive_2_0,0.25,0.37
arbitraryRounded,0.25,strong,0,no_evidence0,motive_1_0,0.75,0.83
arbitraryRounded,0.25,strong,0,no_evidence0,motive_3_0,0.25,0.37
arbitraryRounded,0.25,strong,0,no_evidence0,sneak_3_0,0.25,0.37
arbitraryRounded,0.25,strong,0,no_evidence0,sneak_1_0,0.75,0.83
arbitraryRounded,0.25,strong,0,no_evidence0,stealing_2_0,0.25,0.36
arbitraryRounded,0.25,strong,0,no_evidence0,sneak_2_0,0.25,0.37
arbitraryRounded,0.25,strong,0,no_evidence0,stealing_3_0,0.25,0.37
arbitraryRounded,0.33,weak,0,no_evidence0,stealing_1_0,H1,0.79
arbitraryRounded,0.33,weak,0,no_evidence0,motive_2_0,H0,0.37
arbitraryRounded,0.33,weak,0,no_evidence0,motive_1_0,H1,0.83
arbitraryRounded,0.33,weak,0,no_evidence0,motive_3_0,H0,0.37
arbitraryRounded,0.33,weak,0,no_evidence0,sneak_3_0,H0,0.37
arbitraryRounded,0.33,weak,0,no_evidence0,sneak_1_0,H1,0.83
arbitraryRounded,0.33,weak,0,no_evidence0,stealing_2_0,H0,0.36
arbitraryRounded,0.33,weak,0,no_evidence0,sneak_2_0,H0,0.37
arbitraryRounded,0.33,weak,0,no_evidence0,stealing_3_0,H0,0.37
arbitraryRounded,0.33,strong,0,no_evidence0,stealing_1_0,0.75,0.79
arbitraryRounded,0.33,strong,0,no_evidence0,motive_2_0,0.33,0.37
arbitraryRounded,0.33,strong,0,no_evidence0,motive_1_0,0.75,0.83
arbitraryRounded,0.33,strong,0,no_evidence0,motive_3_0,0.33,0.37
arbitraryRounded,0.33,strong,0,no_evidence0,sneak_3_0,0.33,0.37
arbitraryRounded,0.33,strong,0,no_evidence0,sneak_1_0,0.75,0.83
arbitraryRounded,0.33,strong,0,no_evidence0,stealing_2_0,0.33,0.36
arbitraryRounded,0.33,strong,0,no_evidence0,sneak_2_0,0.33,0.37
arbitraryRounded,0.33,strong,0,no_evidence0,stealing_3_0,0.33,0.37
arbitraryRounded,0.5,weak,0,no_evidence0,stealing_1_0,H1,0.79
arbitraryRounded,0.5,weak,0,no_evidence0,motive_2_0,0,0.37
arbitraryRounded,0.5,weak,0,no_evidence0,motive_1_0,H1,0.83
arbitraryRounded,0.5,weak,0,no_evidence0,motive_3_0,0,0.37
arbitraryRounded,0.5,weak,0,no_evidence0,sneak_3_0,0,0.37
arbitraryRounded,0.5,weak,0,no_evidence0,sneak_1_0,H1,0.83
arbitraryRounded,0.5,weak,0,no_evidence0,stealing_2_0,0,0.36
arbitraryRounded,0.5,weak,0,no_evidence0,sneak_2_0,0,0.37
arbitraryRounded,0.5,weak,0,no_evidence0,stealing_3_0,0,0.37
arbitraryRounded,0.5,strong,0,no_evidence0,stealing_1_0,1.0,0.79
arbitraryRounded,0.5,strong,0,no_evidence0,motive_2_0,0.5,0.37
arbitraryRounded,0.5,strong,0,no_evidence0,motive_1_0,1.0,0.83
arbitraryRounded,0.5,strong,0,no_evidence0,motive_3_0,0.5,0.37
arbitraryRounded,0.5,strong,0,no_evidence0,sneak_3_0,0.5,0.37
arbitraryRounded,0.5,strong,0,no_evidence0,sneak_1_0,1.0,0.83
arbitraryRounded,0.5,strong,0,no_evidence0,stealing_2_0,0.5,0.36
arbitraryRounded,0.5,strong,0,no_evidence0,sneak_2_0,0.5,0.37
arbitraryRounded,0.5,strong,0,no_evidence0,stealing_3_0,0.5,0.37
distortion,param,strong,noise,evidenceCUMUL,hypNode,Probability,K2Probability,Scenario
K2,0,weak,0,no_evidence0,motive_3_0,H0,H0
K2,0,weak,0,no_evidence0,stealing_1_0,H1,H1
K2,0,weak,0,no_evidence0,sneak_1_0,H1,H1
K2,0,weak,0,no_evidence0,motive_2_0,H0,H0
K2,0,weak,0,no_evidence0,sneak_2_0,H0,H0
K2,0,weak,0,no_evidence0,sneak_3_0,H0,H0
K2,0,weak,0,no_evidence0,stealing_3_0,H0,H0
K2,0,weak,0,no_evidence0,motive_1_0,H1,H1
K2,0,weak,0,no_evidence0,stealing_2_0,H0,H0
K2,0,strong,0,no_evidence0,motive_3_0,0.34,0.34
K2,0,strong,0,no_evidence0,stealing_1_0,0.79,0.79
K2,0,strong,0,no_evidence0,sneak_1_0,0.83,0.83
K2,0,strong,0,no_evidence0,motive_2_0,0.37,0.37
K2,0,strong,0,no_evidence0,sneak_2_0,0.37,0.37
K2,0,strong,0,no_evidence0,sneak_3_0,0.34,0.34
K2,0,strong,0,no_evidence0,stealing_3_0,0.33,0.33
K2,0,strong,0,no_evidence0,motive_1_0,0.83,0.83
K2,0,strong,0,no_evidence0,stealing_2_0,0.36,0.36
arbitraryRounded,0.05,weak,0,no_evidence0,motive_3_0,H0,0.34
arbitraryRounded,0.05,weak,0,no_evidence0,stealing_1_0,H1,0.79
arbitraryRounded,0.05,weak,0,no_evidence0,sneak_1_0,H1,0.83
arbitraryRounded,0.05,weak,0,no_evidence0,motive_2_0,H0,0.37
arbitraryRounded,0.05,weak,0,no_evidence0,sneak_2_0,H0,0.37
arbitraryRounded,0.05,weak,0,no_evidence0,sneak_3_0,H0,0.34
arbitraryRounded,0.05,weak,0,no_evidence0,stealing_3_0,H0,0.33
arbitraryRounded,0.05,weak,0,no_evidence0,motive_1_0,H1,0.83
arbitraryRounded,0.05,weak,0,no_evidence0,stealing_2_0,H0,0.36
arbitraryRounded,0.05,strong,0,no_evidence0,motive_3_0,0.35,0.34
arbitraryRounded,0.05,strong,0,no_evidence0,stealing_1_0,0.81,0.79
arbitraryRounded,0.05,strong,0,no_evidence0,sneak_1_0,0.85,0.83
arbitraryRounded,0.05,strong,0,no_evidence0,motive_2_0,0.35,0.37
arbitraryRounded,0.05,strong,0,no_evidence0,sneak_2_0,0.35,0.37
arbitraryRounded,0.05,strong,0,no_evidence0,sneak_3_0,0.35,0.34
arbitraryRounded,0.05,strong,0,no_evidence0,stealing_3_0,0.33,0.33
arbitraryRounded,0.05,strong,0,no_evidence0,motive_1_0,0.85,0.83
arbitraryRounded,0.05,strong,0,no_evidence0,stealing_2_0,0.35,0.36
arbitraryRounded,0.1,weak,0,no_evidence0,motive_3_0,H0,0.34
arbitraryRounded,0.1,weak,0,no_evidence0,stealing_1_0,H1,0.79
arbitraryRounded,0.1,weak,0,no_evidence0,sneak_1_0,H1,0.83
arbitraryRounded,0.1,weak,0,no_evidence0,motive_2_0,H0,0.37
arbitraryRounded,0.1,weak,0,no_evidence0,sneak_2_0,H0,0.37
arbitraryRounded,0.1,weak,0,no_evidence0,sneak_3_0,H0,0.34
arbitraryRounded,0.1,weak,0,no_evidence0,stealing_3_0,H0,0.33
arbitraryRounded,0.1,weak,0,no_evidence0,motive_1_0,H1,0.83
arbitraryRounded,0.1,weak,0,no_evidence0,stealing_2_0,H0,0.36
arbitraryRounded,0.1,strong,0,no_evidence0,motive_3_0,0.3,0.34
arbitraryRounded,0.1,strong,0,no_evidence0,stealing_1_0,0.8,0.79
arbitraryRounded,0.1,strong,0,no_evidence0,sneak_1_0,0.8,0.83
arbitraryRounded,0.1,strong,0,no_evidence0,motive_2_0,0.4,0.37
arbitraryRounded,0.1,strong,0,no_evidence0,sneak_2_0,0.4,0.37
arbitraryRounded,0.1,strong,0,no_evidence0,sneak_3_0,0.3,0.34
arbitraryRounded,0.1,strong,0,no_evidence0,stealing_3_0,0.3,0.33
arbitraryRounded,0.1,strong,0,no_evidence0,motive_1_0,0.8,0.83
arbitraryRounded,0.1,strong,0,no_evidence0,stealing_2_0,0.4,0.36
arbitraryRounded,0.125,weak,0,no_evidence0,motive_3_0,H0,0.34
arbitraryRounded,0.125,weak,0,no_evidence0,stealing_1_0,H1,0.79
arbitraryRounded,0.125,weak,0,no_evidence0,sneak_1_0,H1,0.83
arbitraryRounded,0.125,weak,0,no_evidence0,motive_2_0,H0,0.37
arbitraryRounded,0.125,weak,0,no_evidence0,sneak_2_0,H0,0.37
arbitraryRounded,0.125,weak,0,no_evidence0,sneak_3_0,H0,0.34
arbitraryRounded,0.125,weak,0,no_evidence0,stealing_3_0,H0,0.33
arbitraryRounded,0.125,weak,0,no_evidence0,motive_1_0,H1,0.83
arbitraryRounded,0.125,weak,0,no_evidence0,stealing_2_0,H0,0.36
arbitraryRounded,0.125,strong,0,no_evidence0,motive_3_0,0.38,0.34
arbitraryRounded,0.125,strong,0,no_evidence0,stealing_1_0,0.88,0.79
arbitraryRounded,0.125,strong,0,no_evidence0,sneak_1_0,0.88,0.83
arbitraryRounded,0.125,strong,0,no_evidence0,motive_2_0,0.38,0.37
arbitraryRounded,0.125,strong,0,no_evidence0,sneak_2_0,0.38,0.37
arbitraryRounded,0.125,strong,0,no_evidence0,sneak_3_0,0.38,0.34
arbitraryRounded,0.125,strong,0,no_evidence0,stealing_3_0,0.38,0.33
arbitraryRounded,0.125,strong,0,no_evidence0,motive_1_0,0.88,0.83
arbitraryRounded,0.125,strong,0,no_evidence0,stealing_2_0,0.38,0.36
arbitraryRounded,0.2,weak,0,no_evidence0,motive_3_0,H0,0.34
arbitraryRounded,0.2,weak,0,no_evidence0,stealing_1_0,H1,0.79
arbitraryRounded,0.2,weak,0,no_evidence0,sneak_1_0,H1,0.83
arbitraryRounded,0.2,weak,0,no_evidence0,motive_2_0,H0,0.37
arbitraryRounded,0.2,weak,0,no_evidence0,sneak_2_0,H0,0.37
arbitraryRounded,0.2,weak,0,no_evidence0,sneak_3_0,H0,0.34
arbitraryRounded,0.2,weak,0,no_evidence0,stealing_3_0,H0,0.33
arbitraryRounded,0.2,weak,0,no_evidence0,motive_1_0,H1,0.83
arbitraryRounded,0.2,weak,0,no_evidence0,stealing_2_0,H0,0.36
arbitraryRounded,0.2,strong,0,no_evidence0,motive_3_0,0.4,0.34
arbitraryRounded,0.2,strong,0,no_evidence0,stealing_1_0,0.8,0.79
arbitraryRounded,0.2,strong,0,no_evidence0,sneak_1_0,0.8,0.83
arbitraryRounded,0.2,strong,0,no_evidence0,motive_2_0,0.4,0.37
arbitraryRounded,0.2,strong,0,no_evidence0,sneak_2_0,0.4,0.37
arbitraryRounded,0.2,strong,0,no_evidence0,sneak_3_0,0.4,0.34
arbitraryRounded,0.2,strong,0,no_evidence0,stealing_3_0,0.4,0.33
arbitraryRounded,0.2,strong,0,no_evidence0,motive_1_0,0.8,0.83
arbitraryRounded,0.2,strong,0,no_evidence0,stealing_2_0,0.4,0.36
arbitraryRounded,0.25,weak,0,no_evidence0,motive_3_0,H0,0.34
arbitraryRounded,0.25,weak,0,no_evidence0,stealing_1_0,H1,0.79
arbitraryRounded,0.25,weak,0,no_evidence0,sneak_1_0,H1,0.83
arbitraryRounded,0.25,weak,0,no_evidence0,motive_2_0,H0,0.37
arbitraryRounded,0.25,weak,0,no_evidence0,sneak_2_0,H0,0.37
arbitraryRounded,0.25,weak,0,no_evidence0,sneak_3_0,H0,0.34
arbitraryRounded,0.25,weak,0,no_evidence0,stealing_3_0,H0,0.33
arbitraryRounded,0.25,weak,0,no_evidence0,motive_1_0,H1,0.83
arbitraryRounded,0.25,weak,0,no_evidence0,stealing_2_0,H0,0.36
arbitraryRounded,0.25,strong,0,no_evidence0,motive_3_0,0.25,0.34
arbitraryRounded,0.25,strong,0,no_evidence0,stealing_1_0,0.75,0.79
arbitraryRounded,0.25,strong,0,no_evidence0,sneak_1_0,0.75,0.83
arbitraryRounded,0.25,strong,0,no_evidence0,motive_2_0,0.25,0.37
arbitraryRounded,0.25,strong,0,no_evidence0,sneak_2_0,0.25,0.37
arbitraryRounded,0.25,strong,0,no_evidence0,sneak_3_0,0.25,0.34
arbitraryRounded,0.25,strong,0,no_evidence0,stealing_3_0,0.25,0.33
arbitraryRounded,0.25,strong,0,no_evidence0,motive_1_0,0.75,0.83
arbitraryRounded,0.25,strong,0,no_evidence0,stealing_2_0,0.25,0.36
arbitraryRounded,0.33,weak,0,no_evidence0,motive_3_0,H0,0.34
arbitraryRounded,0.33,weak,0,no_evidence0,stealing_1_0,H1,0.79
arbitraryRounded,0.33,weak,0,no_evidence0,sneak_1_0,H1,0.83
arbitraryRounded,0.33,weak,0,no_evidence0,motive_2_0,H0,0.37
arbitraryRounded,0.33,weak,0,no_evidence0,sneak_2_0,H0,0.37
arbitraryRounded,0.33,weak,0,no_evidence0,sneak_3_0,H0,0.34
arbitraryRounded,0.33,weak,0,no_evidence0,stealing_3_0,H0,0.33
arbitraryRounded,0.33,weak,0,no_evidence0,motive_1_0,H1,0.83
arbitraryRounded,0.33,weak,0,no_evidence0,stealing_2_0,H0,0.36
arbitraryRounded,0.33,strong,0,no_evidence0,motive_3_0,0.33,0.34
arbitraryRounded,0.33,strong,0,no_evidence0,stealing_1_0,0.75,0.79
arbitraryRounded,0.33,strong,0,no_evidence0,sneak_1_0,0.75,0.83
arbitraryRounded,0.33,strong,0,no_evidence0,motive_2_0,0.33,0.37
arbitraryRounded,0.33,strong,0,no_evidence0,sneak_2_0,0.33,0.37
arbitraryRounded,0.33,strong,0,no_evidence0,sneak_3_0,0.33,0.34
arbitraryRounded,0.33,strong,0,no_evidence0,stealing_3_0,0.33,0.33
arbitraryRounded,0.33,strong,0,no_evidence0,motive_1_0,0.75,0.83
arbitraryRounded,0.33,strong,0,no_evidence0,stealing_2_0,0.33,0.36
arbitraryRounded,0.5,weak,0,no_evidence0,motive_3_0,0,0.34
arbitraryRounded,0.5,weak,0,no_evidence0,stealing_1_0,H1,0.79
arbitraryRounded,0.5,weak,0,no_evidence0,sneak_1_0,H1,0.83
arbitraryRounded,0.5,weak,0,no_evidence0,motive_2_0,0,0.37
arbitraryRounded,0.5,weak,0,no_evidence0,sneak_2_0,0,0.37
arbitraryRounded,0.5,weak,0,no_evidence0,sneak_3_0,0,0.34
arbitraryRounded,0.5,weak,0,no_evidence0,stealing_3_0,0,0.33
arbitraryRounded,0.5,weak,0,no_evidence0,motive_1_0,H1,0.83
arbitraryRounded,0.5,weak,0,no_evidence0,stealing_2_0,0,0.36
arbitraryRounded,0.5,strong,0,no_evidence0,motive_3_0,0.5,0.34
arbitraryRounded,0.5,strong,0,no_evidence0,stealing_1_0,1.0,0.79
arbitraryRounded,0.5,strong,0,no_evidence0,sneak_1_0,1.0,0.83
arbitraryRounded,0.5,strong,0,no_evidence0,motive_2_0,0.5,0.37
arbitraryRounded,0.5,strong,0,no_evidence0,sneak_2_0,0.5,0.37
arbitraryRounded,0.5,strong,0,no_evidence0,sneak_3_0,0.5,0.34
arbitraryRounded,0.5,strong,0,no_evidence0,stealing_3_0,0.5,0.33
arbitraryRounded,0.5,strong,0,no_evidence0,motive_1_0,1.0,0.83
arbitraryRounded,0.5,strong,0,no_evidence0,stealing_2_0,0.5,0.36
distortion,param,strong,noise,evidenceCUMUL,hypNode,Probability,K2Probability,Scenario
K2,0,weak,0,no_evidence0,sneak_1_0,H1,H1
K2,0,weak,0,no_evidence0,stealing_2_0,H0,H0
K2,0,weak,0,no_evidence0,sneak_2_0,H0,H0
K2,0,weak,0,no_evidence0,motive_1_0,H1,H1
K2,0,weak,0,no_evidence0,stealing_1_0,H1,H1
K2,0,weak,0,no_evidence0,motive_2_0,H0,H0
K2,0,strong,0,no_evidence0,sneak_1_0,0.8,0.8
K2,0,strong,0,no_evidence0,stealing_2_0,0.24,0.24
K2,0,strong,0,no_evidence0,sneak_2_0,0.37,0.37
K2,0,strong,0,no_evidence0,motive_1_0,0.8,0.8
K2,0,strong,0,no_evidence0,stealing_1_0,0.67,0.67
K2,0,strong,0,no_evidence0,motive_2_0,0.37,0.37
arbitraryRounded,0.05,weak,0,no_evidence0,sneak_1_0,H1,0.8
arbitraryRounded,0.05,weak,0,no_evidence0,stealing_2_0,H0,0.24
arbitraryRounded,0.05,weak,0,no_evidence0,sneak_2_0,H0,0.37
arbitraryRounded,0.05,weak,0,no_evidence0,motive_1_0,H1,0.8
arbitraryRounded,0.05,weak,0,no_evidence0,stealing_1_0,H1,0.67
arbitraryRounded,0.05,weak,0,no_evidence0,motive_2_0,H0,0.37
arbitraryRounded,0.05,strong,0,no_evidence0,sneak_1_0,0.8,0.8
arbitraryRounded,0.05,strong,0,no_evidence0,stealing_2_0,0.23,0.24
arbitraryRounded,0.05,strong,0,no_evidence0,sneak_2_0,0.35,0.37
arbitraryRounded,0.05,strong,0,no_evidence0,motive_1_0,0.8,0.8
arbitraryRounded,0.05,strong,0,no_evidence0,stealing_1_0,0.66,0.67
arbitraryRounded,0.05,strong,0,no_evidence0,motive_2_0,0.35,0.37
arbitraryRounded,0.1,weak,0,no_evidence0,sneak_1_0,H1,0.8
arbitraryRounded,0.1,weak,0,no_evidence0,stealing_2_0,H0,0.24
arbitraryRounded,0.1,weak,0,no_evidence0,sneak_2_0,H0,0.37
arbitraryRounded,0.1,weak,0,no_evidence0,motive_1_0,H1,0.8
arbitraryRounded,0.1,weak,0,no_evidence0,stealing_1_0,H1,0.67
arbitraryRounded,0.1,weak,0,no_evidence0,motive_2_0,H0,0.37
arbitraryRounded,0.1,strong,0,no_evidence0,sneak_1_0,0.8,0.8
arbitraryRounded,0.1,strong,0,no_evidence0,stealing_2_0,0.24,0.24
arbitraryRounded,0.1,strong,0,no_evidence0,sneak_2_0,0.4,0.37
arbitraryRounded,0.1,strong,0,no_evidence0,motive_1_0,0.8,0.8
arbitraryRounded,0.1,strong,0,no_evidence0,stealing_1_0,0.68,0.67
arbitraryRounded,0.1,strong,0,no_evidence0,motive_2_0,0.4,0.37
arbitraryRounded,0.125,weak,0,no_evidence0,sneak_1_0,H1,0.8
arbitraryRounded,0.125,weak,0,no_evidence0,stealing_2_0,H0,0.24
arbitraryRounded,0.125,weak,0,no_evidence0,sneak_2_0,H0,0.37
arbitraryRounded,0.125,weak,0,no_evidence0,motive_1_0,H1,0.8
arbitraryRounded,0.125,weak,0,no_evidence0,stealing_1_0,H1,0.67
arbitraryRounded,0.125,weak,0,no_evidence0,motive_2_0,H0,0.37
arbitraryRounded,0.125,strong,0,no_evidence0,sneak_1_0,0.75,0.8
arbitraryRounded,0.125,strong,0,no_evidence0,stealing_2_0,0.23,0.24
arbitraryRounded,0.125,strong,0,no_evidence0,sneak_2_0,0.38,0.37
arbitraryRounded,0.125,strong,0,no_evidence0,motive_1_0,0.75,0.8
arbitraryRounded,0.125,strong,0,no_evidence0,stealing_1_0,0.64,0.67
arbitraryRounded,0.125,strong,0,no_evidence0,motive_2_0,0.38,0.37
arbitraryRounded,0.2,weak,0,no_evidence0,sneak_1_0,H1,0.8
arbitraryRounded,0.2,weak,0,no_evidence0,stealing_2_0,H0,0.24
arbitraryRounded,0.2,weak,0,no_evidence0,sneak_2_0,H0,0.37
arbitraryRounded,0.2,weak,0,no_evidence0,motive_1_0,H1,0.8
arbitraryRounded,0.2,weak,0,no_evidence0,stealing_1_0,H1,0.67
arbitraryRounded,0.2,weak,0,no_evidence0,motive_2_0,H0,0.37
arbitraryRounded,0.2,strong,0,no_evidence0,sneak_1_0,0.8,0.8
arbitraryRounded,0.2,strong,0,no_evidence0,stealing_2_0,0.24,0.24
arbitraryRounded,0.2,strong,0,no_evidence0,sneak_2_0,0.4,0.37
arbitraryRounded,0.2,strong,0,no_evidence0,motive_1_0,0.8,0.8
arbitraryRounded,0.2,strong,0,no_evidence0,stealing_1_0,0.68,0.67
arbitraryRounded,0.2,strong,0,no_evidence0,motive_2_0,0.4,0.37
arbitraryRounded,0.25,weak,0,no_evidence0,sneak_1_0,H1,0.8
arbitraryRounded,0.25,weak,0,no_evidence0,stealing_2_0,H0,0.24
arbitraryRounded,0.25,weak,0,no_evidence0,sneak_2_0,H0,0.37
arbitraryRounded,0.25,weak,0,no_evidence0,motive_1_0,H1,0.8
arbitraryRounded,0.25,weak,0,no_evidence0,stealing_1_0,H1,0.67
arbitraryRounded,0.25,weak,0,no_evidence0,motive_2_0,H0,0.37
arbitraryRounded,0.25,strong,0,no_evidence0,sneak_1_0,0.75,0.8
arbitraryRounded,0.25,strong,0,no_evidence0,stealing_2_0,0.19,0.24
arbitraryRounded,0.25,strong,0,no_evidence0,sneak_2_0,0.25,0.37
arbitraryRounded,0.25,strong,0,no_evidence0,motive_1_0,0.75,0.8
arbitraryRounded,0.25,strong,0,no_evidence0,stealing_1_0,0.68,0.67
arbitraryRounded,0.25,strong,0,no_evidence0,motive_2_0,0.25,0.37
arbitraryRounded,0.33,weak,0,no_evidence0,sneak_1_0,H1,0.8
arbitraryRounded,0.33,weak,0,no_evidence0,stealing_2_0,H0,0.24
arbitraryRounded,0.33,weak,0,no_evidence0,sneak_2_0,H0,0.37
arbitraryRounded,0.33,weak,0,no_evidence0,motive_1_0,H1,0.8
arbitraryRounded,0.33,weak,0,no_evidence0,stealing_1_0,H1,0.67
arbitraryRounded,0.33,weak,0,no_evidence0,motive_2_0,H0,0.37
arbitraryRounded,0.33,strong,0,no_evidence0,sneak_1_0,0.67,0.8
arbitraryRounded,0.33,strong,0,no_evidence0,stealing_2_0,0.22,0.24
arbitraryRounded,0.33,strong,0,no_evidence0,sneak_2_0,0.33,0.37
arbitraryRounded,0.33,strong,0,no_evidence0,motive_1_0,0.67,0.8
arbitraryRounded,0.33,strong,0,no_evidence0,stealing_1_0,0.57,0.67
arbitraryRounded,0.33,strong,0,no_evidence0,motive_2_0,0.33,0.37
arbitraryRounded,0.5,weak,0,no_evidence0,sneak_1_0,H1,0.8
arbitraryRounded,0.5,weak,0,no_evidence0,stealing_2_0,H0,0.24
arbitraryRounded,0.5,weak,0,no_evidence0,sneak_2_0,0,0.37
arbitraryRounded,0.5,weak,0,no_evidence0,motive_1_0,H1,0.8
arbitraryRounded,0.5,weak,0,no_evidence0,stealing_1_0,H1,0.67
arbitraryRounded,0.5,weak,0,no_evidence0,motive_2_0,0,0.37
arbitraryRounded,0.5,strong,0,no_evidence0,sneak_1_0,1.0,0.8
arbitraryRounded,0.5,strong,0,no_evidence0,stealing_2_0,0.25,0.24
arbitraryRounded,0.5,strong,0,no_evidence0,sneak_2_0,0.5,0.37
arbitraryRounded,0.5,strong,0,no_evidence0,motive_1_0,1.0,0.8
arbitraryRounded,0.5,strong,0,no_evidence0,stealing_1_0,0.88,0.67
arbitraryRounded,0.5,strong,0,no_evidence0,motive_2_0,0.5,0.37
distortion,param,strong,noise,evidenceCUMUL,hypNode,Probability,K2Probability,Scenario
K2,0,weak,0,no_evidence0,motive_2_0,H0,H0
K2,0,weak,0,no_evidence0,stealing_2_0,H0,H0
K2,0,weak,0,no_evidence0,sneak_1_0,H1,H1
K2,0,weak,0,no_evidence0,sneak_2_0,H0,H0
K2,0,weak,0,no_evidence0,motive_1_0,H1,H1
K2,0,weak,0,no_evidence0,stealing_1_0,H1,H1
K2,0,strong,0,no_evidence0,motive_2_0,0.35,0.35
K2,0,strong,0,no_evidence0,stealing_2_0,0.23,0.23
K2,0,strong,0,no_evidence0,sneak_1_0,0.79,0.79
K2,0,strong,0,no_evidence0,sneak_2_0,0.35,0.35
K2,0,strong,0,no_evidence0,motive_1_0,0.79,0.79
K2,0,strong,0,no_evidence0,stealing_1_0,0.69,0.69
arbitraryRounded,0.05,weak,0,no_evidence0,motive_2_0,H0,0.35
arbitraryRounded,0.05,weak,0,no_evidence0,stealing_2_0,H0,0.23
arbitraryRounded,0.05,weak,0,no_evidence0,sneak_1_0,H1,0.79
arbitraryRounded,0.05,weak,0,no_evidence0,sneak_2_0,H0,0.35
arbitraryRounded,0.05,weak,0,no_evidence0,motive_1_0,H1,0.79
arbitraryRounded,0.05,weak,0,no_evidence0,stealing_1_0,H1,0.69
arbitraryRounded,0.05,strong,0,no_evidence0,motive_2_0,0.35,0.35
arbitraryRounded,0.05,strong,0,no_evidence0,stealing_2_0,0.23,0.23
arbitraryRounded,0.05,strong,0,no_evidence0,sneak_1_0,0.81,0.79
arbitraryRounded,0.05,strong,0,no_evidence0,sneak_2_0,0.35,0.35
arbitraryRounded,0.05,strong,0,no_evidence0,motive_1_0,0.81,0.79
arbitraryRounded,0.05,strong,0,no_evidence0,stealing_1_0,0.7,0.69
arbitraryRounded,0.1,weak,0,no_evidence0,motive_2_0,H0,0.35
arbitraryRounded,0.1,weak,0,no_evidence0,stealing_2_0,H0,0.23
arbitraryRounded,0.1,weak,0,no_evidence0,sneak_1_0,H1,0.79
arbitraryRounded,0.1,weak,0,no_evidence0,sneak_2_0,H0,0.35
arbitraryRounded,0.1,weak,0,no_evidence0,motive_1_0,H1,0.79
arbitraryRounded,0.1,weak,0,no_evidence0,stealing_1_0,H1,0.69
arbitraryRounded,0.1,strong,0,no_evidence0,motive_2_0,0.4,0.35
arbitraryRounded,0.1,strong,0,no_evidence0,stealing_2_0,0.24,0.23
arbitraryRounded,0.1,strong,0,no_evidence0,sneak_1_0,0.78,0.79
arbitraryRounded,0.1,strong,0,no_evidence0,sneak_2_0,0.4,0.35
arbitraryRounded,0.1,strong,0,no_evidence0,motive_1_0,0.78,0.79
arbitraryRounded,0.1,strong,0,no_evidence0,stealing_1_0,0.7,0.69
arbitraryRounded,0.125,weak,0,no_evidence0,motive_2_0,H0,0.35
arbitraryRounded,0.125,weak,0,no_evidence0,stealing_2_0,H0,0.23
arbitraryRounded,0.125,weak,0,no_evidence0,sneak_1_0,H1,0.79
arbitraryRounded,0.125,weak,0,no_evidence0,sneak_2_0,H0,0.35
arbitraryRounded,0.125,weak,0,no_evidence0,motive_1_0,H1,0.79
arbitraryRounded,0.125,weak,0,no_evidence0,stealing_1_0,H1,0.69
arbitraryRounded,0.125,strong,0,no_evidence0,motive_2_0,0.38,0.35
arbitraryRounded,0.125,strong,0,no_evidence0,stealing_2_0,0.23,0.23
arbitraryRounded,0.125,strong,0,no_evidence0,sneak_1_0,0.83,0.79
arbitraryRounded,0.125,strong,0,no_evidence0,sneak_2_0,0.38,0.35
arbitraryRounded,0.125,strong,0,no_evidence0,motive_1_0,0.83,0.79
arbitraryRounded,0.125,strong,0,no_evidence0,stealing_1_0,0.74,0.69
arbitraryRounded,0.2,weak,0,no_evidence0,motive_2_0,H0,0.35
arbitraryRounded,0.2,weak,0,no_evidence0,stealing_2_0,H0,0.23
arbitraryRounded,0.2,weak,0,no_evidence0,sneak_1_0,H1,0.79
arbitraryRounded,0.2,weak,0,no_evidence0,sneak_2_0,H0,0.35
arbitraryRounded,0.2,weak,0,no_evidence0,motive_1_0,H1,0.79
arbitraryRounded,0.2,weak,0,no_evidence0,stealing_1_0,H1,0.69
arbitraryRounded,0.2,strong,0,no_evidence0,motive_2_0,0.4,0.35
arbitraryRounded,0.2,strong,0,no_evidence0,stealing_2_0,0.24,0.23
arbitraryRounded,0.2,strong,0,no_evidence0,sneak_1_0,0.78,0.79
arbitraryRounded,0.2,strong,0,no_evidence0,sneak_2_0,0.4,0.35
arbitraryRounded,0.2,strong,0,no_evidence0,motive_1_0,0.78,0.79
arbitraryRounded,0.2,strong,0,no_evidence0,stealing_1_0,0.7,0.69
arbitraryRounded,0.25,weak,0,no_evidence0,motive_2_0,H0,0.35
arbitraryRounded,0.25,weak,0,no_evidence0,stealing_2_0,H0,0.23
arbitraryRounded,0.25,weak,0,no_evidence0,sneak_1_0,H1,0.79
arbitraryRounded,0.25,weak,0,no_evidence0,sneak_2_0,H0,0.35
arbitraryRounded,0.25,weak,0,no_evidence0,motive_1_0,H1,0.79
arbitraryRounded,0.25,weak,0,no_evidence0,stealing_1_0,H1,0.69
arbitraryRounded,0.25,strong,0,no_evidence0,motive_2_0,0.25,0.35
arbitraryRounded,0.25,strong,0,no_evidence0,stealing_2_0,0.19,0.23
arbitraryRounded,0.25,strong,0,no_evidence0,sneak_1_0,0.72,0.79
arbitraryRounded,0.25,strong,0,no_evidence0,sneak_2_0,0.25,0.35
arbitraryRounded,0.25,strong,0,no_evidence0,motive_1_0,0.72,0.79
arbitraryRounded,0.25,strong,0,no_evidence0,stealing_1_0,0.67,0.69
arbitraryRounded,0.33,weak,0,no_evidence0,motive_2_0,H0,0.35
arbitraryRounded,0.33,weak,0,no_evidence0,stealing_2_0,H0,0.23
arbitraryRounded,0.33,weak,0,no_evidence0,sneak_1_0,H1,0.79
arbitraryRounded,0.33,weak,0,no_evidence0,sneak_2_0,H0,0.35
arbitraryRounded,0.33,weak,0,no_evidence0,motive_1_0,H1,0.79
arbitraryRounded,0.33,weak,0,no_evidence0,stealing_1_0,H1,0.69
arbitraryRounded,0.33,strong,0,no_evidence0,motive_2_0,0.27,0.35
arbitraryRounded,0.33,strong,0,no_evidence0,stealing_2_0,0.18,0.23
arbitraryRounded,0.33,strong,0,no_evidence0,sneak_1_0,0.76,0.79
arbitraryRounded,0.33,strong,0,no_evidence0,sneak_2_0,0.27,0.35
arbitraryRounded,0.33,strong,0,no_evidence0,motive_1_0,0.76,0.79
arbitraryRounded,0.33,strong,0,no_evidence0,stealing_1_0,0.68,0.69
arbitraryRounded,0.5,weak,0,no_evidence0,motive_2_0,0,0.35
arbitraryRounded,0.5,weak,0,no_evidence0,stealing_2_0,H0,0.23
arbitraryRounded,0.5,weak,0,no_evidence0,sneak_1_0,H1,0.79
arbitraryRounded,0.5,weak,0,no_evidence0,sneak_2_0,0,0.35
arbitraryRounded,0.5,weak,0,no_evidence0,motive_1_0,H1,0.79
arbitraryRounded,0.5,weak,0,no_evidence0,stealing_1_0,H1,0.69
arbitraryRounded,0.5,strong,0,no_evidence0,motive_2_0,0.5,0.35
arbitraryRounded,0.5,strong,0,no_evidence0,stealing_2_0,0.25,0.23
arbitraryRounded,0.5,strong,0,no_evidence0,sneak_1_0,0.88,0.79
arbitraryRounded,0.5,strong,0,no_evidence0,sneak_2_0,0.5,0.35
arbitraryRounded,0.5,strong,0,no_evidence0,motive_1_0,0.88,0.79
arbitraryRounded,0.5,strong,0,no_evidence0,stealing_1_0,0.81,0.69
distortion,param,strong,noise,evidenceCUMUL,hypNode,Probability,K2Probability,Scenario
K2,0,weak,0,no_evidence0,stealing_1_0,H0,H0
K2,0,weak,0,no_evidence0,stealing_4_0,H0,H0
K2,0,weak,0,no_evidence0,stealing_2_0,H0,H0
K2,0,weak,0,no_evidence0,stealing_3_0,H0,H0
K2,0,weak,0,no_evidence0,stealing_5_0,H0,H0
K2,0,weak,0,no_evidence0,sneak_1_0,H1,H1
K2,0,weak,0,no_evidence0,motive_3_0,H0,H0
K2,0,weak,0,no_evidence0,motive_1_0,H1,H1
K2,0,weak,0,no_evidence0,sneak_2_0,H0,H0
K2,0,weak,0,no_evidence0,sneak_4_0,H0,H0
K2,0,weak,0,no_evidence0,motive_2_0,H0,H0
K2,0,weak,0,no_evidence0,motive_4_0,H0,H0
K2,0,weak,0,no_evidence0,motive_5_0,H0,H0
K2,0,weak,0,no_evidence0,sneak_3_0,H0,H0
K2,0,weak,0,no_evidence0,sneak_5_0,H0,H0
K2,0,strong,0,no_evidence0,stealing_1_0,0.5,0.5
K2,0,strong,0,no_evidence0,stealing_4_0,0.17,0.17
K2,0,strong,0,no_evidence0,stealing_2_0,0.16,0.16
K2,0,strong,0,no_evidence0,stealing_3_0,0.14,0.14
K2,0,strong,0,no_evidence0,stealing_5_0,0.14,0.14
K2,0,strong,0,no_evidence0,sneak_1_0,0.79,0.79
K2,0,strong,0,no_evidence0,motive_3_0,0.32,0.32
K2,0,strong,0,no_evidence0,motive_1_0,0.79,0.79
K2,0,strong,0,no_evidence0,sneak_2_0,0.32,0.32
K2,0,strong,0,no_evidence0,sneak_4_0,0.35,0.35
K2,0,strong,0,no_evidence0,motive_2_0,0.32,0.32
K2,0,strong,0,no_evidence0,motive_4_0,0.35,0.35
K2,0,strong,0,no_evidence0,motive_5_0,0.31,0.31
K2,0,strong,0,no_evidence0,sneak_3_0,0.32,0.32
K2,0,strong,0,no_evidence0,sneak_5_0,0.31,0.31
arbitraryRounded,0.05,weak,0,no_evidence0,stealing_1_0,H1,0.5
arbitraryRounded,0.05,weak,0,no_evidence0,stealing_4_0,H0,0.17
arbitraryRounded,0.05,weak,0,no_evidence0,stealing_2_0,H0,0.16
arbitraryRounded,0.05,weak,0,no_evidence0,stealing_3_0,H0,0.14
arbitraryRounded,0.05,weak,0,no_evidence0,stealing_5_0,H0,0.14
arbitraryRounded,0.05,weak,0,no_evidence0,sneak_1_0,H1,0.79
arbitraryRounded,0.05,weak,0,no_evidence0,motive_3_0,H0,0.32
arbitraryRounded,0.05,weak,0,no_evidence0,motive_1_0,H1,0.79
arbitraryRounded,0.05,weak,0,no_evidence0,sneak_2_0,H0,0.32
arbitraryRounded,0.05,weak,0,no_evidence0,sneak_4_0,H0,0.35
arbitraryRounded,0.05,weak,0,no_evidence0,motive_2_0,H0,0.32
arbitraryRounded,0.05,weak,0,no_evidence0,motive_4_0,H0,0.35
arbitraryRounded,0.05,weak,0,no_evidence0,motive_5_0,H0,0.31
arbitraryRounded,0.05,weak,0,no_evidence0,sneak_3_0,H0,0.32
arbitraryRounded,0.05,weak,0,no_evidence0,sneak_5_0,H0,0.31
arbitraryRounded,0.05,strong,0,no_evidence0,stealing_1_0,0.52,0.5
arbitraryRounded,0.05,strong,0,no_evidence0,stealing_4_0,0.18,0.17
arbitraryRounded,0.05,strong,0,no_evidence0,stealing_2_0,0.15,0.16
arbitraryRounded,0.05,strong,0,no_evidence0,stealing_3_0,0.13,0.14
arbitraryRounded,0.05,strong,0,no_evidence0,stealing_5_0,0.14,0.14
arbitraryRounded,0.05,strong,0,no_evidence0,sneak_1_0,0.8,0.79
arbitraryRounded,0.05,strong,0,no_evidence0,motive_3_0,0.3,0.32
arbitraryRounded,0.05,strong,0,no_evidence0,motive_1_0,0.8,0.79
arbitraryRounded,0.05,strong,0,no_evidence0,sneak_2_0,0.32,0.32
arbitraryRounded,0.05,strong,0,no_evidence0,sneak_4_0,0.35,0.35
arbitraryRounded,0.05,strong,0,no_evidence0,motive_2_0,0.32,0.32
arbitraryRounded,0.05,strong,0,no_evidence0,motive_4_0,0.35,0.35
arbitraryRounded,0.05,strong,0,no_evidence0,motive_5_0,0.3,0.31
arbitraryRounded,0.05,strong,0,no_evidence0,sneak_3_0,0.3,0.32
arbitraryRounded,0.05,strong,0,no_evidence0,sneak_5_0,0.3,0.31
arbitraryRounded,0.1,weak,0,no_evidence0,stealing_1_0,H0,0.5
arbitraryRounded,0.1,weak,0,no_evidence0,stealing_4_0,H0,0.17
arbitraryRounded,0.1,weak,0,no_evidence0,stealing_2_0,H0,0.16
arbitraryRounded,0.1,weak,0,no_evidence0,stealing_3_0,H0,0.14
arbitraryRounded,0.1,weak,0,no_evidence0,stealing_5_0,H0,0.14
arbitraryRounded,0.1,weak,0,no_evidence0,sneak_1_0,H1,0.79
arbitraryRounded,0.1,weak,0,no_evidence0,motive_3_0,H0,0.32
arbitraryRounded,0.1,weak,0,no_evidence0,motive_1_0,H1,0.79
arbitraryRounded,0.1,weak,0,no_evidence0,sneak_2_0,H0,0.32
arbitraryRounded,0.1,weak,0,no_evidence0,sneak_4_0,H0,0.35
arbitraryRounded,0.1,weak,0,no_evidence0,motive_2_0,H0,0.32
arbitraryRounded,0.1,weak,0,no_evidence0,motive_4_0,H0,0.35
arbitraryRounded,0.1,weak,0,no_evidence0,motive_5_0,H0,0.31
arbitraryRounded,0.1,weak,0,no_evidence0,sneak_3_0,H0,0.32
arbitraryRounded,0.1,weak,0,no_evidence0,sneak_5_0,H0,0.31
arbitraryRounded,0.1,strong,0,no_evidence0,stealing_1_0,0.48,0.5
arbitraryRounded,0.1,strong,0,no_evidence0,stealing_4_0,0.18,0.17
arbitraryRounded,0.1,strong,0,no_evidence0,stealing_2_0,0.15,0.16
arbitraryRounded,0.1,strong,0,no_evidence0,stealing_3_0,0.12,0.14
arbitraryRounded,0.1,strong,0,no_evidence0,stealing_5_0,0.16,0.14
arbitraryRounded,0.1,strong,0,no_evidence0,sneak_1_0,0.8,0.79
arbitraryRounded,0.1,strong,0,no_evidence0,motive_3_0,0.3,0.32
arbitraryRounded,0.1,strong,0,no_evidence0,motive_1_0,0.8,0.79
arbitraryRounded,0.1,strong,0,no_evidence0,sneak_2_0,0.3,0.32
arbitraryRounded,0.1,strong,0,no_evidence0,sneak_4_0,0.34,0.35
arbitraryRounded,0.1,strong,0,no_evidence0,motive_2_0,0.3,0.32
arbitraryRounded,0.1,strong,0,no_evidence0,motive_4_0,0.34,0.35
arbitraryRounded,0.1,strong,0,no_evidence0,motive_5_0,0.32,0.31
arbitraryRounded,0.1,strong,0,no_evidence0,sneak_3_0,0.3,0.32
arbitraryRounded,0.1,strong,0,no_evidence0,sneak_5_0,0.32,0.31
arbitraryRounded,0.125,weak,0,no_evidence0,stealing_1_0,H0,0.5
arbitraryRounded,0.125,weak,0,no_evidence0,stealing_4_0,H0,0.17
arbitraryRounded,0.125,weak,0,no_evidence0,stealing_2_0,H0,0.16
arbitraryRounded,0.125,weak,0,no_evidence0,stealing_3_0,H0,0.14
arbitraryRounded,0.125,weak,0,no_evidence0,stealing_5_0,H0,0.14
arbitraryRounded,0.125,weak,0,no_evidence0,sneak_1_0,H1,0.79
arbitraryRounded,0.125,weak,0,no_evidence0,motive_3_0,H0,0.32
arbitraryRounded,0.125,weak,0,no_evidence0,motive_1_0,H1,0.79
arbitraryRounded,0.125,weak,0,no_evidence0,sneak_2_0,H0,0.32
arbitraryRounded,0.125,weak,0,no_evidence0,sneak_4_0,H0,0.35
arbitraryRounded,0.125,weak,0,no_evidence0,motive_2_0,H0,0.32
arbitraryRounded,0.125,weak,0,no_evidence0,motive_4_0,H0,0.35
arbitraryRounded,0.125,weak,0,no_evidence0,motive_5_0,H0,0.31
arbitraryRounded,0.125,weak,0,no_evidence0,sneak_3_0,H0,0.32
arbitraryRounded,0.125,weak,0,no_evidence0,sneak_5_0,H0,0.31
arbitraryRounded,0.125,strong,0,no_evidence0,stealing_1_0,0.47,0.5
arbitraryRounded,0.125,strong,0,no_evidence0,stealing_4_0,0.16,0.17
arbitraryRounded,0.125,strong,0,no_evidence0,stealing_2_0,0.15,0.16
arbitraryRounded,0.125,strong,0,no_evidence0,stealing_3_0,0.18,0.14
arbitraryRounded,0.125,strong,0,no_evidence0,stealing_5_0,0.14,0.14
arbitraryRounded,0.125,strong,0,no_evidence0,sneak_1_0,0.75,0.79
arbitraryRounded,0.125,strong,0,no_evidence0,motive_3_0,0.38,0.32
arbitraryRounded,0.125,strong,0,no_evidence0,motive_1_0,0.75,0.79
arbitraryRounded,0.125,strong,0,no_evidence0,sneak_2_0,0.32,0.32
arbitraryRounded,0.125,strong,0,no_evidence0,sneak_4_0,0.32,0.35
arbitraryRounded,0.125,strong,0,no_evidence0,motive_2_0,0.32,0.32
arbitraryRounded,0.125,strong,0,no_evidence0,motive_4_0,0.32,0.35
arbitraryRounded,0.125,strong,0,no_evidence0,motive_5_0,0.31,0.31
arbitraryRounded,0.125,strong,0,no_evidence0,sneak_3_0,0.38,0.32
arbitraryRounded,0.125,strong,0,no_evidence0,sneak_5_0,0.31,0.31
arbitraryRounded,0.2,weak,0,no_evidence0,stealing_1_0,H0,0.5
arbitraryRounded,0.2,weak,0,no_evidence0,stealing_4_0,H0,0.17
arbitraryRounded,0.2,weak,0,no_evidence0,stealing_2_0,H0,0.16
arbitraryRounded,0.2,weak,0,no_evidence0,stealing_3_0,H0,0.14
arbitraryRounded,0.2,weak,0,no_evidence0,stealing_5_0,H0,0.14
arbitraryRounded,0.2,weak,0,no_evidence0,sneak_1_0,H1,0.79
arbitraryRounded,0.2,weak,0,no_evidence0,motive_3_0,H0,0.32
arbitraryRounded,0.2,weak,0,no_evidence0,motive_1_0,H1,0.79
arbitraryRounded,0.2,weak,0,no_evidence0,sneak_2_0,H0,0.32
arbitraryRounded,0.2,weak,0,no_evidence0,sneak_4_0,H0,0.35
arbitraryRounded,0.2,weak,0,no_evidence0,motive_2_0,H0,0.32
arbitraryRounded,0.2,weak,0,no_evidence0,motive_4_0,H0,0.35
arbitraryRounded,0.2,weak,0,no_evidence0,motive_5_0,H0,0.31
arbitraryRounded,0.2,weak,0,no_evidence0,sneak_3_0,H0,0.32
arbitraryRounded,0.2,weak,0,no_evidence0,sneak_5_0,H0,0.31
arbitraryRounded,0.2,strong,0,no_evidence0,stealing_1_0,0.48,0.5
arbitraryRounded,0.2,strong,0,no_evidence0,stealing_4_0,0.16,0.17
arbitraryRounded,0.2,strong,0,no_evidence0,stealing_2_0,0.14,0.16
arbitraryRounded,0.2,strong,0,no_evidence0,stealing_3_0,0.2,0.14
arbitraryRounded,0.2,strong,0,no_evidence0,stealing_5_0,0.1,0.14
arbitraryRounded,0.2,strong,0,no_evidence0,sneak_1_0,0.8,0.79
arbitraryRounded,0.2,strong,0,no_evidence0,motive_3_0,0.4,0.32
arbitraryRounded,0.2,strong,0,no_evidence0,motive_1_0,0.8,0.79
arbitraryRounded,0.2,strong,0,no_evidence0,sneak_2_0,0.3,0.32
arbitraryRounded,0.2,strong,0,no_evidence0,sneak_4_0,0.31,0.35
arbitraryRounded,0.2,strong,0,no_evidence0,motive_2_0,0.3,0.32
arbitraryRounded,0.2,strong,0,no_evidence0,motive_4_0,0.31,0.35
arbitraryRounded,0.2,strong,0,no_evidence0,motive_5_0,0.28,0.31
arbitraryRounded,0.2,strong,0,no_evidence0,sneak_3_0,0.4,0.32
arbitraryRounded,0.2,strong,0,no_evidence0,sneak_5_0,0.28,0.31
arbitraryRounded,0.25,weak,0,no_evidence0,stealing_1_0,H1,0.5
arbitraryRounded,0.25,weak,0,no_evidence0,stealing_4_0,H0,0.17
arbitraryRounded,0.25,weak,0,no_evidence0,stealing_2_0,H0,0.16
arbitraryRounded,0.25,weak,0,no_evidence0,stealing_3_0,H0,0.14
arbitraryRounded,0.25,weak,0,no_evidence0,stealing_5_0,H0,0.14
arbitraryRounded,0.25,weak,0,no_evidence0,sneak_1_0,H1,0.79
arbitraryRounded,0.25,weak,0,no_evidence0,motive_3_0,H0,0.32
arbitraryRounded,0.25,weak,0,no_evidence0,motive_1_0,H1,0.79
arbitraryRounded,0.25,weak,0,no_evidence0,sneak_2_0,H0,0.32
arbitraryRounded,0.25,weak,0,no_evidence0,sneak_4_0,H0,0.35
arbitraryRounded,0.25,weak,0,no_evidence0,motive_2_0,H0,0.32
arbitraryRounded,0.25,weak,0,no_evidence0,motive_4_0,H0,0.35
arbitraryRounded,0.25,weak,0,no_evidence0,motive_5_0,H0,0.31
arbitraryRounded,0.25,weak,0,no_evidence0,sneak_3_0,H0,0.32
arbitraryRounded,0.25,weak,0,no_evidence0,sneak_5_0,H0,0.31
arbitraryRounded,0.25,strong,0,no_evidence0,stealing_1_0,0.56,0.5
arbitraryRounded,0.25,strong,0,no_evidence0,stealing_4_0,0.13,0.17
arbitraryRounded,0.25,strong,0,no_evidence0,stealing_2_0,0.14,0.16
arbitraryRounded,0.25,strong,0,no_evidence0,stealing_3_0,0.09,0.14
arbitraryRounded,0.25,strong,0,no_evidence0,stealing_5_0,0.15,0.14
arbitraryRounded,0.25,strong,0,no_evidence0,sneak_1_0,0.75,0.79
arbitraryRounded,0.25,strong,0,no_evidence0,motive_3_0,0.25,0.32
arbitraryRounded,0.25,strong,0,no_evidence0,motive_1_0,0.75,0.79
arbitraryRounded,0.25,strong,0,no_evidence0,sneak_2_0,0.36,0.32
arbitraryRounded,0.25,strong,0,no_evidence0,sneak_4_0,0.32,0.35
arbitraryRounded,0.25,strong,0,no_evidence0,motive_2_0,0.36,0.32
arbitraryRounded,0.25,strong,0,no_evidence0,motive_4_0,0.32,0.35
arbitraryRounded,0.25,strong,0,no_evidence0,motive_5_0,0.33,0.31
arbitraryRounded,0.25,strong,0,no_evidence0,sneak_3_0,0.25,0.32
arbitraryRounded,0.25,strong,0,no_evidence0,sneak_5_0,0.33,0.31
arbitraryRounded,0.33,weak,0,no_evidence0,stealing_1_0,H0,0.5
arbitraryRounded,0.33,weak,0,no_evidence0,stealing_4_0,H0,0.17
arbitraryRounded,0.33,weak,0,no_evidence0,stealing_2_0,H0,0.16
arbitraryRounded,0.33,weak,0,no_evidence0,stealing_3_0,H0,0.14
arbitraryRounded,0.33,weak,0,no_evidence0,stealing_5_0,H0,0.14
arbitraryRounded,0.33,weak,0,no_evidence0,sneak_1_0,H1,0.79
arbitraryRounded,0.33,weak,0,no_evidence0,motive_3_0,H0,0.32
arbitraryRounded,0.33,weak,0,no_evidence0,motive_1_0,H1,0.79
arbitraryRounded,0.33,weak,0,no_evidence0,sneak_2_0,H0,0.32
arbitraryRounded,0.33,weak,0,no_evidence0,sneak_4_0,H0,0.35
arbitraryRounded,0.33,weak,0,no_evidence0,motive_2_0,H0,0.32
arbitraryRounded,0.33,weak,0,no_evidence0,motive_4_0,H0,0.35
arbitraryRounded,0.33,weak,0,no_evidence0,motive_5_0,H0,0.31
arbitraryRounded,0.33,weak,0,no_evidence0,sneak_3_0,H0,0.32
arbitraryRounded,0.33,weak,0,no_evidence0,sneak_5_0,H0,0.31
arbitraryRounded,0.33,strong,0,no_evidence0,stealing_1_0,0.44,0.5
arbitraryRounded,0.33,strong,0,no_evidence0,stealing_4_0,0.26,0.17
arbitraryRounded,0.33,strong,0,no_evidence0,stealing_2_0,0.17,0.16
arbitraryRounded,0.33,strong,0,no_evidence0,stealing_3_0,0.14,0.14
arbitraryRounded,0.33,strong,0,no_evidence0,stealing_5_0,0.1,0.14
arbitraryRounded,0.33,strong,0,no_evidence0,sneak_1_0,0.67,0.79
arbitraryRounded,0.33,strong,0,no_evidence0,motive_3_0,0.33,0.32
arbitraryRounded,0.33,strong,0,no_evidence0,motive_1_0,0.67,0.79
arbitraryRounded,0.33,strong,0,no_evidence0,sneak_2_0,0.33,0.32
arbitraryRounded,0.33,strong,0,no_evidence0,sneak_4_0,0.45,0.35
arbitraryRounded,0.33,strong,0,no_evidence0,motive_2_0,0.33,0.32
arbitraryRounded,0.33,strong,0,no_evidence0,motive_4_0,0.45,0.35
arbitraryRounded,0.33,strong,0,no_evidence0,motive_5_0,0.32,0.31
arbitraryRounded,0.33,strong,0,no_evidence0,sneak_3_0,0.33,0.32
arbitraryRounded,0.33,strong,0,no_evidence0,sneak_5_0,0.32,0.31
arbitraryRounded,0.5,weak,0,no_evidence0,stealing_1_0,0,0.5
arbitraryRounded,0.5,weak,0,no_evidence0,stealing_4_0,H0,0.17
arbitraryRounded,0.5,weak,0,no_evidence0,stealing_2_0,H0,0.16
arbitraryRounded,0.5,weak,0,no_evidence0,stealing_3_0,H0,0.14
arbitraryRounded,0.5,weak,0,no_evidence0,stealing_5_0,H0,0.14
arbitraryRounded,0.5,weak,0,no_evidence0,sneak_1_0,H1,0.79
arbitraryRounded,0.5,weak,0,no_evidence0,motive_3_0,0,0.32
arbitraryRounded,0.5,weak,0,no_evidence0,motive_1_0,H1,0.79
arbitraryRounded,0.5,weak,0,no_evidence0,sneak_2_0,H0,0.32
arbitraryRounded,0.5,weak,0,no_evidence0,sneak_4_0,H0,0.35
arbitraryRounded,0.5,weak,0,no_evidence0,motive_2_0,H0,0.32
arbitraryRounded,0.5,weak,0,no_evidence0,motive_4_0,H0,0.35
arbitraryRounded,0.5,weak,0,no_evidence0,motive_5_0,H0,0.31
arbitraryRounded,0.5,weak,0,no_evidence0,sneak_3_0,0,0.32
arbitraryRounded,0.5,weak,0,no_evidence0,sneak_5_0,H0,0.31
arbitraryRounded,0.5,strong,0,no_evidence0,stealing_1_0,0.5,0.5
arbitraryRounded,0.5,strong,0,no_evidence0,stealing_4_0,0.23,0.17
arbitraryRounded,0.5,strong,0,no_evidence0,stealing_2_0,0.12,0.16
arbitraryRounded,0.5,strong,0,no_evidence0,stealing_3_0,0.22,0.14
arbitraryRounded,0.5,strong,0,no_evidence0,stealing_5_0,0.21,0.14
arbitraryRounded,0.5,strong,0,no_evidence0,sneak_1_0,1.0,0.79
arbitraryRounded,0.5,strong,0,no_evidence0,motive_3_0,0.5,0.32
arbitraryRounded,0.5,strong,0,no_evidence0,motive_1_0,1.0,0.79
arbitraryRounded,0.5,strong,0,no_evidence0,sneak_2_0,0.25,0.32
arbitraryRounded,0.5,strong,0,no_evidence0,sneak_4_0,0.39,0.35
arbitraryRounded,0.5,strong,0,no_evidence0,motive_2_0,0.25,0.32
arbitraryRounded,0.5,strong,0,no_evidence0,motive_4_0,0.39,0.35
arbitraryRounded,0.5,strong,0,no_evidence0,motive_5_0,0.39,0.31
arbitraryRounded,0.5,strong,0,no_evidence0,sneak_3_0,0.5,0.32
arbitraryRounded,0.5,strong,0,no_evidence0,sneak_5_0,0.39,0.31
distortion,param,strong,noise,evidenceCUMUL,hypNode,Probability,K2Probability,Scenario
K2,0,weak,0,no_evidence0,motive_3_0,H0,H0
K2,0,weak,0,no_evidence0,sneak_2_0,H0,H0
K2,0,weak,0,no_evidence0,sneak_1_0,H1,H1
K2,0,weak,0,no_evidence0,stealing_4_0,H0,H0
K2,0,weak,0,no_evidence0,motive_4_0,H0,H0
K2,0,weak,0,no_evidence0,stealing_5_0,H0,H0
K2,0,weak,0,no_evidence0,motive_1_0,H1,H1
K2,0,weak,0,no_evidence0,sneak_4_0,H0,H0
K2,0,weak,0,no_evidence0,motive_2_0,H0,H0
K2,0,weak,0,no_evidence0,sneak_3_0,H0,H0
K2,0,weak,0,no_evidence0,stealing_2_0,H0,H0
K2,0,weak,0,no_evidence0,motive_5_0,H0,H0
K2,0,weak,0,no_evidence0,sneak_5_0,H0,H0
K2,0,weak,0,no_evidence0,stealing_1_0,H1,H1
K2,0,weak,0,no_evidence0,stealing_3_0,H0,H0
K2,0,strong,0,no_evidence0,motive_3_0,0.33,0.33
K2,0,strong,0,no_evidence0,sneak_2_0,0.35,0.35
K2,0,strong,0,no_evidence0,sneak_1_0,0.81,0.81
K2,0,strong,0,no_evidence0,stealing_4_0,0.15,0.15
K2,0,strong,0,no_evidence0,motive_4_0,0.34,0.34
K2,0,strong,0,no_evidence0,stealing_5_0,0.16,0.16
K2,0,strong,0,no_evidence0,motive_1_0,0.81,0.81
K2,0,strong,0,no_evidence0,sneak_4_0,0.34,0.34
K2,0,strong,0,no_evidence0,motive_2_0,0.35,0.35
K2,0,strong,0,no_evidence0,sneak_3_0,0.33,0.33
K2,0,strong,0,no_evidence0,stealing_2_0,0.17,0.17
K2,0,strong,0,no_evidence0,motive_5_0,0.32,0.32
K2,0,strong,0,no_evidence0,sneak_5_0,0.32,0.32
K2,0,strong,0,no_evidence0,stealing_1_0,0.53,0.53
K2,0,strong,0,no_evidence0,stealing_3_0,0.14,0.14
arbitraryRounded,0.05,weak,0,no_evidence0,motive_3_0,H0,0.33
arbitraryRounded,0.05,weak,0,no_evidence0,sneak_2_0,H0,0.35
arbitraryRounded,0.05,weak,0,no_evidence0,sneak_1_0,H1,0.81
arbitraryRounded,0.05,weak,0,no_evidence0,stealing_4_0,H0,0.15
arbitraryRounded,0.05,weak,0,no_evidence0,motive_4_0,H0,0.34
arbitraryRounded,0.05,weak,0,no_evidence0,stealing_5_0,H0,0.16
arbitraryRounded,0.05,weak,0,no_evidence0,motive_1_0,H1,0.81
arbitraryRounded,0.05,weak,0,no_evidence0,sneak_4_0,H0,0.34
arbitraryRounded,0.05,weak,0,no_evidence0,motive_2_0,H0,0.35
arbitraryRounded,0.05,weak,0,no_evidence0,sneak_3_0,H0,0.33
arbitraryRounded,0.05,weak,0,no_evidence0,stealing_2_0,H0,0.17
arbitraryRounded,0.05,weak,0,no_evidence0,motive_5_0,H0,0.32
arbitraryRounded,0.05,weak,0,no_evidence0,sneak_5_0,H0,0.32
arbitraryRounded,0.05,weak,0,no_evidence0,stealing_1_0,H1,0.53
arbitraryRounded,0.05,weak,0,no_evidence0,stealing_3_0,H0,0.14
arbitraryRounded,0.05,strong,0,no_evidence0,motive_3_0,0.33,0.33
arbitraryRounded,0.05,strong,0,no_evidence0,sneak_2_0,0.35,0.35
arbitraryRounded,0.05,strong,0,no_evidence0,sneak_1_0,0.8,0.81
arbitraryRounded,0.05,strong,0,no_evidence0,stealing_4_0,0.16,0.15
arbitraryRounded,0.05,strong,0,no_evidence0,motive_4_0,0.35,0.34
arbitraryRounded,0.05,strong,0,no_evidence0,stealing_5_0,0.17,0.16
arbitraryRounded,0.05,strong,0,no_evidence0,motive_1_0,0.8,0.81
arbitraryRounded,0.05,strong,0,no_evidence0,sneak_4_0,0.35,0.34
arbitraryRounded,0.05,strong,0,no_evidence0,motive_2_0,0.35,0.35
arbitraryRounded,0.05,strong,0,no_evidence0,sneak_3_0,0.33,0.33
arbitraryRounded,0.05,strong,0,no_evidence0,stealing_2_0,0.16,0.17
arbitraryRounded,0.05,strong,0,no_evidence0,motive_5_0,0.33,0.32
arbitraryRounded,0.05,strong,0,no_evidence0,sneak_5_0,0.33,0.32
arbitraryRounded,0.05,strong,0,no_evidence0,stealing_1_0,0.52,0.53
arbitraryRounded,0.05,strong,0,no_evidence0,stealing_3_0,0.14,0.14
arbitraryRounded,0.1,weak,0,no_evidence0,motive_3_0,H0,0.33
arbitraryRounded,0.1,weak,0,no_evidence0,sneak_2_0,H0,0.35
arbitraryRounded,0.1,weak,0,no_evidence0,sneak_1_0,H1,0.81
arbitraryRounded,0.1,weak,0,no_evidence0,stealing_4_0,H0,0.15
arbitraryRounded,0.1,weak,0,no_evidence0,motive_4_0,H0,0.34
arbitraryRounded,0.1,weak,0,no_evidence0,stealing_5_0,H0,0.16
arbitraryRounded,0.1,weak,0,no_evidence0,motive_1_0,H1,0.81
arbitraryRounded,0.1,weak,0,no_evidence0,sneak_4_0,H0,0.34
arbitraryRounded,0.1,weak,0,no_evidence0,motive_2_0,H0,0.35
arbitraryRounded,0.1,weak,0,no_evidence0,sneak_3_0,H0,0.33
arbitraryRounded,0.1,weak,0,no_evidence0,stealing_2_0,H0,0.17
arbitraryRounded,0.1,weak,0,no_evidence0,motive_5_0,H0,0.32
arbitraryRounded,0.1,weak,0,no_evidence0,sneak_5_0,H0,0.32
arbitraryRounded,0.1,weak,0,no_evidence0,stealing_1_0,H0,0.53
arbitraryRounded,0.1,weak,0,no_evidence0,stealing_3_0,H0,0.14
arbitraryRounded,0.1,strong,0,no_evidence0,motive_3_0,0.28,0.33
arbitraryRounded,0.1,strong,0,no_evidence0,sneak_2_0,0.35,0.35
arbitraryRounded,0.1,strong,0,no_evidence0,sneak_1_0,0.8,0.81
arbitraryRounded,0.1,strong,0,no_evidence0,stealing_4_0,0.19,0.15
arbitraryRounded,0.1,strong,0,no_evidence0,motive_4_0,0.36,0.34
arbitraryRounded,0.1,strong,0,no_evidence0,stealing_5_0,0.18,0.16
arbitraryRounded,0.1,strong,0,no_evidence0,motive_1_0,0.8,0.81
arbitraryRounded,0.1,strong,0,no_evidence0,sneak_4_0,0.36,0.34
arbitraryRounded,0.1,strong,0,no_evidence0,motive_2_0,0.35,0.35
arbitraryRounded,0.1,strong,0,no_evidence0,sneak_3_0,0.28,0.33
arbitraryRounded,0.1,strong,0,no_evidence0,stealing_2_0,0.17,0.17
arbitraryRounded,0.1,strong,0,no_evidence0,motive_5_0,0.33,0.32
arbitraryRounded,0.1,strong,0,no_evidence0,sneak_5_0,0.33,0.32
arbitraryRounded,0.1,strong,0,no_evidence0,stealing_1_0,0.48,0.53
arbitraryRounded,0.1,strong,0,no_evidence0,stealing_3_0,0.12,0.14
arbitraryRounded,0.125,weak,0,no_evidence0,motive_3_0,H0,0.33
arbitraryRounded,0.125,weak,0,no_evidence0,sneak_2_0,H0,0.35
arbitraryRounded,0.125,weak,0,no_evidence0,sneak_1_0,H1,0.81
arbitraryRounded,0.125,weak,0,no_evidence0,stealing_4_0,H0,0.15
arbitraryRounded,0.125,weak,0,no_evidence0,motive_4_0,H0,0.34
arbitraryRounded,0.125,weak,0,no_evidence0,stealing_5_0,H0,0.16
arbitraryRounded,0.125,weak,0,no_evidence0,motive_1_0,H1,0.81
arbitraryRounded,0.125,weak,0,no_evidence0,sneak_4_0,H0,0.34
arbitraryRounded,0.125,weak,0,no_evidence0,motive_2_0,H0,0.35
arbitraryRounded,0.125,weak,0,no_evidence0,sneak_3_0,H0,0.33
arbitraryRounded,0.125,weak,0,no_evidence0,stealing_2_0,H0,0.17
arbitraryRounded,0.125,weak,0,no_evidence0,motive_5_0,H0,0.32
arbitraryRounded,0.125,weak,0,no_evidence0,sneak_5_0,H0,0.32
arbitraryRounded,0.125,weak,0,no_evidence0,stealing_1_0,H1,0.53
arbitraryRounded,0.125,weak,0,no_evidence0,stealing_3_0,H0,0.14
arbitraryRounded,0.125,strong,0,no_evidence0,motive_3_0,0.36,0.33
arbitraryRounded,0.125,strong,0,no_evidence0,sneak_2_0,0.31,0.35
arbitraryRounded,0.125,strong,0,no_evidence0,sneak_1_0,0.88,0.81
arbitraryRounded,0.125,strong,0,no_evidence0,stealing_4_0,0.14,0.15
arbitraryRounded,0.125,strong,0,no_evidence0,motive_4_0,0.3,0.34
arbitraryRounded,0.125,strong,0,no_evidence0,stealing_5_0,0.17,0.16
arbitraryRounded,0.125,strong,0,no_evidence0,motive_1_0,0.88,0.81
arbitraryRounded,0.125,strong,0,no_evidence0,sneak_4_0,0.3,0.34
arbitraryRounded,0.125,strong,0,no_evidence0,motive_2_0,0.31,0.35
arbitraryRounded,0.125,strong,0,no_evidence0,sneak_3_0,0.36,0.33
arbitraryRounded,0.125,strong,0,no_evidence0,stealing_2_0,0.14,0.17
arbitraryRounded,0.125,strong,0,no_evidence0,motive_5_0,0.32,0.32
arbitraryRounded,0.125,strong,0,no_evidence0,sneak_5_0,0.32,0.32
arbitraryRounded,0.125,strong,0,no_evidence0,stealing_1_0,0.55,0.53
arbitraryRounded,0.125,strong,0,no_evidence0,stealing_3_0,0.15,0.14
arbitraryRounded,0.2,weak,0,no_evidence0,motive_3_0,H0,0.33
arbitraryRounded,0.2,weak,0,no_evidence0,sneak_2_0,H0,0.35
arbitraryRounded,0.2,weak,0,no_evidence0,sneak_1_0,H1,0.81
arbitraryRounded,0.2,weak,0,no_evidence0,stealing_4_0,H0,0.15
arbitraryRounded,0.2,weak,0,no_evidence0,motive_4_0,H0,0.34
arbitraryRounded,0.2,weak,0,no_evidence0,stealing_5_0,H0,0.16
arbitraryRounded,0.2,weak,0,no_evidence0,motive_1_0,H1,0.81
arbitraryRounded,0.2,weak,0,no_evidence0,sneak_4_0,H0,0.34
arbitraryRounded,0.2,weak,0,no_evidence0,motive_2_0,H0,0.35
arbitraryRounded,0.2,weak,0,no_evidence0,sneak_3_0,H0,0.33
arbitraryRounded,0.2,weak,0,no_evidence0,stealing_2_0,H0,0.17
arbitraryRounded,0.2,weak,0,no_evidence0,motive_5_0,H0,0.32
arbitraryRounded,0.2,weak,0,no_evidence0,sneak_5_0,H0,0.32
arbitraryRounded,0.2,weak,0,no_evidence0,stealing_1_0,H0,0.53
arbitraryRounded,0.2,weak,0,no_evidence0,stealing_3_0,H0,0.14
arbitraryRounded,0.2,strong,0,no_evidence0,motive_3_0,0.37,0.33
arbitraryRounded,0.2,strong,0,no_evidence0,sneak_2_0,0.3,0.35
arbitraryRounded,0.2,strong,0,no_evidence0,sneak_1_0,0.8,0.81
arbitraryRounded,0.2,strong,0,no_evidence0,stealing_4_0,0.14,0.15
arbitraryRounded,0.2,strong,0,no_evidence0,motive_4_0,0.31,0.34
arbitraryRounded,0.2,strong,0,no_evidence0,stealing_5_0,0.15,0.16
arbitraryRounded,0.2,strong,0,no_evidence0,motive_1_0,0.8,0.81
arbitraryRounded,0.2,strong,0,no_evidence0,sneak_4_0,0.31,0.34
arbitraryRounded,0.2,strong,0,no_evidence0,motive_2_0,0.3,0.35
arbitraryRounded,0.2,strong,0,no_evidence0,sneak_3_0,0.37,0.33
arbitraryRounded,0.2,strong,0,no_evidence0,stealing_2_0,0.14,0.17
arbitraryRounded,0.2,strong,0,no_evidence0,motive_5_0,0.3,0.32
arbitraryRounded,0.2,strong,0,no_evidence0,sneak_5_0,0.3,0.32
arbitraryRounded,0.2,strong,0,no_evidence0,stealing_1_0,0.48,0.53
arbitraryRounded,0.2,strong,0,no_evidence0,stealing_3_0,0.2,0.14
arbitraryRounded,0.25,weak,0,no_evidence0,motive_3_0,H0,0.33
arbitraryRounded,0.25,weak,0,no_evidence0,sneak_2_0,H0,0.35
arbitraryRounded,0.25,weak,0,no_evidence0,sneak_1_0,H1,0.81
arbitraryRounded,0.25,weak,0,no_evidence0,stealing_4_0,H0,0.15
arbitraryRounded,0.25,weak,0,no_evidence0,motive_4_0,H0,0.34
arbitraryRounded,0.25,weak,0,no_evidence0,stealing_5_0,H0,0.16
arbitraryRounded,0.25,weak,0,no_evidence0,motive_1_0,H1,0.81
arbitraryRounded,0.25,weak,0,no_evidence0,sneak_4_0,H0,0.34
arbitraryRounded,0.25,weak,0,no_evidence0,motive_2_0,H0,0.35
arbitraryRounded,0.25,weak,0,no_evidence0,sneak_3_0,H0,0.33
arbitraryRounded,0.25,weak,0,no_evidence0,stealing_2_0,H0,0.17
arbitraryRounded,0.25,weak,0,no_evidence0,motive_5_0,H0,0.32
arbitraryRounded,0.25,weak,0,no_evidence0,sneak_5_0,H0,0.32
arbitraryRounded,0.25,weak,0,no_evidence0,stealing_1_0,H1,0.53
arbitraryRounded,0.25,weak,0,no_evidence0,stealing_3_0,H0,0.14
arbitraryRounded,0.25,strong,0,no_evidence0,motive_3_0,0.25,0.33
arbitraryRounded,0.25,strong,0,no_evidence0,sneak_2_0,0.36,0.35
arbitraryRounded,0.25,strong,0,no_evidence0,sneak_1_0,0.75,0.81
arbitraryRounded,0.25,strong,0,no_evidence0,stealing_4_0,0.13,0.15
arbitraryRounded,0.25,strong,0,no_evidence0,motive_4_0,0.32,0.34
arbitraryRounded,0.25,strong,0,no_evidence0,stealing_5_0,0.18,0.16
arbitraryRounded,0.25,strong,0,no_evidence0,motive_1_0,0.75,0.81
arbitraryRounded,0.25,strong,0,no_evidence0,sneak_4_0,0.32,0.34
arbitraryRounded,0.25,strong,0,no_evidence0,motive_2_0,0.36,0.35
arbitraryRounded,0.25,strong,0,no_evidence0,sneak_3_0,0.25,0.33
arbitraryRounded,0.25,strong,0,no_evidence0,stealing_2_0,0.14,0.17
arbitraryRounded,0.25,strong,0,no_evidence0,motive_5_0,0.31,0.32
arbitraryRounded,0.25,strong,0,no_evidence0,sneak_5_0,0.31,0.32
arbitraryRounded,0.25,strong,0,no_evidence0,stealing_1_0,0.56,0.53
arbitraryRounded,0.25,strong,0,no_evidence0,stealing_3_0,0.09,0.14
arbitraryRounded,0.33,weak,0,no_evidence0,motive_3_0,H0,0.33
arbitraryRounded,0.33,weak,0,no_evidence0,sneak_2_0,H0,0.35
arbitraryRounded,0.33,weak,0,no_evidence0,sneak_1_0,H1,0.81
arbitraryRounded,0.33,weak,0,no_evidence0,stealing_4_0,H0,0.15
arbitraryRounded,0.33,weak,0,no_evidence0,motive_4_0,H0,0.34
arbitraryRounded,0.33,weak,0,no_evidence0,stealing_5_0,H0,0.16
arbitraryRounded,0.33,weak,0,no_evidence0,motive_1_0,H1,0.81
arbitraryRounded,0.33,weak,0,no_evidence0,sneak_4_0,H0,0.34
arbitraryRounded,0.33,weak,0,no_evidence0,motive_2_0,H0,0.35
arbitraryRounded,0.33,weak,0,no_evidence0,sneak_3_0,H0,0.33
arbitraryRounded,0.33,weak,0,no_evidence0,stealing_2_0,H0,0.17
arbitraryRounded,0.33,weak,0,no_evidence0,motive_5_0,H0,0.32
arbitraryRounded,0.33,weak,0,no_evidence0,sneak_5_0,H0,0.32
arbitraryRounded,0.33,weak,0,no_evidence0,stealing_1_0,H0,0.53
arbitraryRounded,0.33,weak,0,no_evidence0,stealing_3_0,H0,0.14
arbitraryRounded,0.33,strong,0,no_evidence0,motive_3_0,0.35,0.33
arbitraryRounded,0.33,strong,0,no_evidence0,sneak_2_0,0.33,0.35
arbitraryRounded,0.33,strong,0,no_evidence0,sneak_1_0,0.65,0.81
arbitraryRounded,0.33,strong,0,no_evidence0,stealing_4_0,0.26,0.15
arbitraryRounded,0.33,strong,0,no_evidence0,motive_4_0,0.41,0.34
arbitraryRounded,0.33,strong,0,no_evidence0,stealing_5_0,0.12,0.16
arbitraryRounded,0.33,strong,0,no_evidence0,motive_1_0,0.65,0.81
arbitraryRounded,0.33,strong,0,no_evidence0,sneak_4_0,0.41,0.34
arbitraryRounded,0.33,strong,0,no_evidence0,motive_2_0,0.33,0.35
arbitraryRounded,0.33,strong,0,no_evidence0,sneak_3_0,0.35,0.33
arbitraryRounded,0.33,strong,0,no_evidence0,stealing_2_0,0.17,0.17
arbitraryRounded,0.33,strong,0,no_evidence0,motive_5_0,0.34,0.32
arbitraryRounded,0.33,strong,0,no_evidence0,sneak_5_0,0.34,0.32
arbitraryRounded,0.33,strong,0,no_evidence0,stealing_1_0,0.44,0.53
arbitraryRounded,0.33,strong,0,no_evidence0,stealing_3_0,0.16,0.14
arbitraryRounded,0.5,weak,0,no_evidence0,motive_3_0,H0,0.33
arbitraryRounded,0.5,weak,0,no_evidence0,sneak_2_0,0,0.35
arbitraryRounded,0.5,weak,0,no_evidence0,sneak_1_0,H1,0.81
arbitraryRounded,0.5,weak,0,no_evidence0,stealing_4_0,H0,0.15
arbitraryRounded,0.5,weak,0,no_evidence0,motive_4_0,H0,0.34
arbitraryRounded,0.5,weak,0,no_evidence0,stealing_5_0,H0,0.16
arbitraryRounded,0.5,weak,0,no_evidence0,motive_1_0,H1,0.81
arbitraryRounded,0.5,weak,0,no_evidence0,sneak_4_0,H0,0.34
arbitraryRounded,0.5,weak,0,no_evidence0,motive_2_0,0,0.35
arbitraryRounded,0.5,weak,0,no_evidence0,sneak_3_0,H0,0.33
arbitraryRounded,0.5,weak,0,no_evidence0,stealing_2_0,H0,0.17
arbitraryRounded,0.5,weak,0,no_evidence0,motive_5_0,H0,0.32
arbitraryRounded,0.5,weak,0,no_evidence0,sneak_5_0,H0,0.32
arbitraryRounded,0.5,weak,0,no_evidence0,stealing_1_0,0,0.53
arbitraryRounded,0.5,weak,0,no_evidence0,stealing_3_0,H0,0.14
arbitraryRounded,0.5,strong,0,no_evidence0,motive_3_0,0.38,0.33
arbitraryRounded,0.5,strong,0,no_evidence0,sneak_2_0,0.5,0.35
arbitraryRounded,0.5,strong,0,no_evidence0,sneak_1_0,1.0,0.81
arbitraryRounded,0.5,strong,0,no_evidence0,stealing_4_0,0.21,0.15
arbitraryRounded,0.5,strong,0,no_evidence0,motive_4_0,0.39,0.34
arbitraryRounded,0.5,strong,0,no_evidence0,stealing_5_0,0.19,0.16
arbitraryRounded,0.5,strong,0,no_evidence0,motive_1_0,1.0,0.81
arbitraryRounded,0.5,strong,0,no_evidence0,sneak_4_0,0.39,0.34
arbitraryRounded,0.5,strong,0,no_evidence0,motive_2_0,0.5,0.35
arbitraryRounded,0.5,strong,0,no_evidence0,sneak_3_0,0.38,0.33
arbitraryRounded,0.5,strong,0,no_evidence0,stealing_2_0,0.25,0.17
arbitraryRounded,0.5,strong,0,no_evidence0,motive_5_0,0.25,0.32
arbitraryRounded,0.5,strong,0,no_evidence0,sneak_5_0,0.25,0.32
arbitraryRounded,0.5,strong,0,no_evidence0,stealing_1_0,0.5,0.53
arbitraryRounded,0.5,strong,0,no_evidence0,stealing_3_0,0.19,0.14
distortion,param,strong,noise,evidenceCUMUL,hypNode,Probability,K2Probability,Scenario
K2,0,weak,0,no_evidence0,motive_1_0,H1,H1
K2,0,weak,0,no_evidence0,sneak_1_0,H1,H1
K2,0,weak,0,no_evidence0,stealing_1_0,H1,H1
K2,0,strong,0,no_evidence0,motive_1_0,0.82,0.82
K2,0,strong,0,no_evidence0,sneak_1_0,0.82,0.82
K2,0,strong,0,no_evidence0,stealing_1_0,0.79,0.79
arbitraryRounded,0.05,weak,0,no_evidence0,motive_1_0,H1,0.82
arbitraryRounded,0.05,weak,0,no_evidence0,sneak_1_0,H1,0.82
arbitraryRounded,0.05,weak,0,no_evidence0,stealing_1_0,H1,0.79
arbitraryRounded,0.05,strong,0,no_evidence0,motive_1_0,0.8,0.82
arbitraryRounded,0.05,strong,0,no_evidence0,sneak_1_0,0.8,0.82
arbitraryRounded,0.05,strong,0,no_evidence0,stealing_1_0,0.76,0.79
arbitraryRounded,0.1,weak,0,no_evidence0,motive_1_0,H1,0.82
arbitraryRounded,0.1,weak,0,no_evidence0,sneak_1_0,H1,0.82
arbitraryRounded,0.1,weak,0,no_evidence0,stealing_1_0,H1,0.79
arbitraryRounded,0.1,strong,0,no_evidence0,motive_1_0,0.8,0.82
arbitraryRounded,0.1,strong,0,no_evidence0,sneak_1_0,0.8,0.82
arbitraryRounded,0.1,strong,0,no_evidence0,stealing_1_0,0.8,0.79
arbitraryRounded,0.125,weak,0,no_evidence0,motive_1_0,H1,0.82
arbitraryRounded,0.125,weak,0,no_evidence0,sneak_1_0,H1,0.82
arbitraryRounded,0.125,weak,0,no_evidence0,stealing_1_0,H1,0.79
arbitraryRounded,0.125,strong,0,no_evidence0,motive_1_0,0.88,0.82
arbitraryRounded,0.125,strong,0,no_evidence0,sneak_1_0,0.88,0.82
arbitraryRounded,0.125,strong,0,no_evidence0,stealing_1_0,0.88,0.79
arbitraryRounded,0.2,weak,0,no_evidence0,motive_1_0,H1,0.82
arbitraryRounded,0.2,weak,0,no_evidence0,sneak_1_0,H1,0.82
arbitraryRounded,0.2,weak,0,no_evidence0,stealing_1_0,H1,0.79
arbitraryRounded,0.2,strong,0,no_evidence0,motive_1_0,0.8,0.82
arbitraryRounded,0.2,strong,0,no_evidence0,sneak_1_0,0.8,0.82
arbitraryRounded,0.2,strong,0,no_evidence0,stealing_1_0,0.8,0.79
arbitraryRounded,0.25,weak,0,no_evidence0,motive_1_0,H1,0.82
arbitraryRounded,0.25,weak,0,no_evidence0,sneak_1_0,H1,0.82
arbitraryRounded,0.25,weak,0,no_evidence0,stealing_1_0,H1,0.79
arbitraryRounded,0.25,strong,0,no_evidence0,motive_1_0,0.75,0.82
arbitraryRounded,0.25,strong,0,no_evidence0,sneak_1_0,0.75,0.82
arbitraryRounded,0.25,strong,0,no_evidence0,stealing_1_0,0.75,0.79
arbitraryRounded,0.33,weak,0,no_evidence0,motive_1_0,H1,0.82
arbitraryRounded,0.33,weak,0,no_evidence0,sneak_1_0,H1,0.82
arbitraryRounded,0.33,weak,0,no_evidence0,stealing_1_0,H1,0.79
arbitraryRounded,0.33,strong,0,no_evidence0,motive_1_0,0.67,0.82
arbitraryRounded,0.33,strong,0,no_evidence0,sneak_1_0,0.67,0.82
arbitraryRounded,0.33,strong,0,no_evidence0,stealing_1_0,0.67,0.79
arbitraryRounded,0.5,weak,0,no_evidence0,motive_1_0,H1,0.82
arbitraryRounded,0.5,weak,0,no_evidence0,sneak_1_0,H1,0.82
arbitraryRounded,0.5,weak,0,no_evidence0,stealing_1_0,H1,0.79
arbitraryRounded,0.5,strong,0,no_evidence0,motive_1_0,1.0,0.82
arbitraryRounded,0.5,strong,0,no_evidence0,sneak_1_0,1.0,0.82
arbitraryRounded,0.5,strong,0,no_evidence0,stealing_1_0,1.0,0.79
distortion,param,strong,noise,evidenceCUMUL,hypNode,Probability,K2Probability,Scenario
K2,0,weak,0,no_evidence0,motive_1_0,H0,H0
K2,0,weak,0,no_evidence0,sneak_1_0,H0,H0
K2,0,weak,0,no_evidence0,stealing_1_0,H0,H0
K2,0,strong,0,no_evidence0,motive_1_0,0.44,0.44
K2,0,strong,0,no_evidence0,sneak_1_0,0.44,0.44
K2,0,strong,0,no_evidence0,stealing_1_0,0.42,0.42
arbitraryRounded,0.05,weak,0,no_evidence0,motive_1_0,H0,0.44
arbitraryRounded,0.05,weak,0,no_evidence0,sneak_1_0,H0,0.44
arbitraryRounded,0.05,weak,0,no_evidence0,stealing_1_0,H0,0.42
arbitraryRounded,0.05,strong,0,no_evidence0,motive_1_0,0.45,0.44
arbitraryRounded,0.05,strong,0,no_evidence0,sneak_1_0,0.45,0.44
arbitraryRounded,0.05,strong,0,no_evidence0,stealing_1_0,0.43,0.42
arbitraryRounded,0.1,weak,0,no_evidence0,motive_1_0,H0,0.44
arbitraryRounded,0.1,weak,0,no_evidence0,sneak_1_0,H0,0.44
arbitraryRounded,0.1,weak,0,no_evidence0,stealing_1_0,H0,0.42
arbitraryRounded,0.1,strong,0,no_evidence0,motive_1_0,0.4,0.44
arbitraryRounded,0.1,strong,0,no_evidence0,sneak_1_0,0.4,0.44
arbitraryRounded,0.1,strong,0,no_evidence0,stealing_1_0,0.4,0.42
arbitraryRounded,0.125,weak,0,no_evidence0,motive_1_0,H0,0.44
arbitraryRounded,0.125,weak,0,no_evidence0,sneak_1_0,H0,0.44
arbitraryRounded,0.125,weak,0,no_evidence0,stealing_1_0,H0,0.42
arbitraryRounded,0.125,strong,0,no_evidence0,motive_1_0,0.38,0.44
arbitraryRounded,0.125,strong,0,no_evidence0,sneak_1_0,0.38,0.44
arbitraryRounded,0.125,strong,0,no_evidence0,stealing_1_0,0.38,0.42
arbitraryRounded,0.2,weak,0,no_evidence0,motive_1_0,H0,0.44
arbitraryRounded,0.2,weak,0,no_evidence0,sneak_1_0,H0,0.44
arbitraryRounded,0.2,weak,0,no_evidence0,stealing_1_0,H0,0.42
arbitraryRounded,0.2,strong,0,no_evidence0,motive_1_0,0.4,0.44
arbitraryRounded,0.2,strong,0,no_evidence0,sneak_1_0,0.4,0.44
arbitraryRounded,0.2,strong,0,no_evidence0,stealing_1_0,0.4,0.42
arbitraryRounded,0.25,weak,0,no_evidence0,motive_1_0,0,0.44
arbitraryRounded,0.25,weak,0,no_evidence0,sneak_1_0,0,0.44
arbitraryRounded,0.25,weak,0,no_evidence0,stealing_1_0,0,0.42
arbitraryRounded,0.25,strong,0,no_evidence0,motive_1_0,0.5,0.44
arbitraryRounded,0.25,strong,0,no_evidence0,sneak_1_0,0.5,0.44
arbitraryRounded,0.25,strong,0,no_evidence0,stealing_1_0,0.5,0.42
arbitraryRounded,0.33,weak,0,no_evidence0,motive_1_0,H0,0.44
arbitraryRounded,0.33,weak,0,no_evidence0,sneak_1_0,H0,0.44
arbitraryRounded,0.33,weak,0,no_evidence0,stealing_1_0,H0,0.42
arbitraryRounded,0.33,strong,0,no_evidence0,motive_1_0,0.33,0.44
arbitraryRounded,0.33,strong,0,no_evidence0,sneak_1_0,0.33,0.44
arbitraryRounded,0.33,strong,0,no_evidence0,stealing_1_0,0.33,0.42
arbitraryRounded,0.5,weak,0,no_evidence0,motive_1_0,0,0.44
arbitraryRounded,0.5,weak,0,no_evidence0,sneak_1_0,0,0.44
arbitraryRounded,0.5,weak,0,no_evidence0,stealing_1_0,0,0.42
arbitraryRounded,0.5,strong,0,no_evidence0,motive_1_0,0.5,0.44
arbitraryRounded,0.5,strong,0,no_evidence0,sneak_1_0,0.5,0.44
arbitraryRounded,0.5,strong,0,no_evidence0,stealing_1_0,0.5,0.42
distortion,param,strong,noise,evidenceCUMUL,hypNode,Probability,K2Probability,Scenario
K2,0,weak,0,no_evidence0,stealing_1_0,H0,H0
K2,0,weak,0,no_evidence0,motive_1_0,H0,H0
K2,0,weak,0,no_evidence0,sneak_1_0,H0,H0
K2,0,strong,0,no_evidence0,stealing_1_0,0.4,0.4
K2,0,strong,0,no_evidence0,motive_1_0,0.41,0.41
K2,0,strong,0,no_evidence0,sneak_1_0,0.41,0.41
arbitraryRounded,0.05,weak,0,no_evidence0,stealing_1_0,H0,0.4
arbitraryRounded,0.05,weak,0,no_evidence0,motive_1_0,H0,0.41
arbitraryRounded,0.05,weak,0,no_evidence0,sneak_1_0,H0,0.41
arbitraryRounded,0.05,strong,0,no_evidence0,stealing_1_0,0.38,0.4
arbitraryRounded,0.05,strong,0,no_evidence0,motive_1_0,0.4,0.41
arbitraryRounded,0.05,strong,0,no_evidence0,sneak_1_0,0.4,0.41
arbitraryRounded,0.1,weak,0,no_evidence0,stealing_1_0,H0,0.4
arbitraryRounded,0.1,weak,0,no_evidence0,motive_1_0,H0,0.41
arbitraryRounded,0.1,weak,0,no_evidence0,sneak_1_0,H0,0.41
arbitraryRounded,0.1,strong,0,no_evidence0,stealing_1_0,0.4,0.4
arbitraryRounded,0.1,strong,0,no_evidence0,motive_1_0,0.4,0.41
arbitraryRounded,0.1,strong,0,no_evidence0,sneak_1_0,0.4,0.41
arbitraryRounded,0.125,weak,0,no_evidence0,stealing_1_0,H0,0.4
arbitraryRounded,0.125,weak,0,no_evidence0,motive_1_0,H0,0.41
arbitraryRounded,0.125,weak,0,no_evidence0,sneak_1_0,H0,0.41
arbitraryRounded,0.125,strong,0,no_evidence0,stealing_1_0,0.38,0.4
arbitraryRounded,0.125,strong,0,no_evidence0,motive_1_0,0.38,0.41
arbitraryRounded,0.125,strong,0,no_evidence0,sneak_1_0,0.38,0.41
arbitraryRounded,0.2,weak,0,no_evidence0,stealing_1_0,H0,0.4
arbitraryRounded,0.2,weak,0,no_evidence0,motive_1_0,H0,0.41
arbitraryRounded,0.2,weak,0,no_evidence0,sneak_1_0,H0,0.41
arbitraryRounded,0.2,strong,0,no_evidence0,stealing_1_0,0.4,0.4
arbitraryRounded,0.2,strong,0,no_evidence0,motive_1_0,0.4,0.41
arbitraryRounded,0.2,strong,0,no_evidence0,sneak_1_0,0.4,0.41
arbitraryRounded,0.25,weak,0,no_evidence0,stealing_1_0,0,0.4
arbitraryRounded,0.25,weak,0,no_evidence0,motive_1_0,0,0.41
arbitraryRounded,0.25,weak,0,no_evidence0,sneak_1_0,0,0.41
arbitraryRounded,0.25,strong,0,no_evidence0,stealing_1_0,0.5,0.4
arbitraryRounded,0.25,strong,0,no_evidence0,motive_1_0,0.5,0.41
arbitraryRounded,0.25,strong,0,no_evidence0,sneak_1_0,0.5,0.41
arbitraryRounded,0.33,weak,0,no_evidence0,stealing_1_0,H0,0.4
arbitraryRounded,0.33,weak,0,no_evidence0,motive_1_0,H0,0.41
arbitraryRounded,0.33,weak,0,no_evidence0,sneak_1_0,H0,0.41
arbitraryRounded,0.33,strong,0,no_evidence0,stealing_1_0,0.33,0.4
arbitraryRounded,0.33,strong,0,no_evidence0,motive_1_0,0.33,0.41
arbitraryRounded,0.33,strong,0,no_evidence0,sneak_1_0,0.33,0.41
arbitraryRounded,0.5,weak,0,no_evidence0,stealing_1_0,0,0.4
arbitraryRounded,0.5,weak,0,no_evidence0,motive_1_0,0,0.41
arbitraryRounded,0.5,weak,0,no_evidence0,sneak_1_0,0,0.41
arbitraryRounded,0.5,strong,0,no_evidence0,stealing_1_0,0.5,0.4
arbitraryRounded,0.5,strong,0,no_evidence0,motive_1_0,0.5,0.41
arbitraryRounded,0.5,strong,0,no_evidence0,sneak_1_0,0.5,0.41
